Risk Weighting,Client ID
5,IND81288
3,IND65833
3,IND47499
1,IND72498
5,IND60181
4,IND78532
3,IND95683
5,IND40785
3,IND13570
5,IND53299
3,IND76263
2,IND56452
4,IND28766
4,IND17897
2,IND86325
5,IND74197
3,IND28503
1,IND56539
5,IND53604
4,IND32064
2,IND72934
4,IND16101
1,IND93121
4,IND93310
5,IND71301
4,IND21279
2,IND98618
4,IND35589
2,IND40198
2,IND49616
5,IND55475
3,IND61272
2,IND33884
3,IND53121
3,IND25680
1,IND55454
4,IND96454
1,IND14292
1,IND67206
2,IND90177
1,IND60970
5,IND24003
1,IND87800
5,IND75987
4,IND70083
3,IND31444
4,IND70450
3,IND47520
4,IND69076
3,IND53190
3,IND58356
4,IND33691
5,IND20398
3,IND54314
5,IND74305
4,IND37195
2,IND52609
2,IND26283
3,IND61913
5,IND35876
2,IND19011
5,IND86703
5,IND23640
4,IND93407
1,IND40136
1,IND76215
3,IND93216
4,IND54572
1,IND18649
4,IND51790
5,IND17740
1,IND49489
3,IND50658
5,IND14798
2,IND60926
5,IND57710
2,IND71795
2,IND98220
3,IND91662
2,IND18901
4,IND49888
5,IND76081
5,IND93705
5,IND52847
2,IND24592
3,IND31656
3,IND85060
3,IND89139
4,IND81423
4,IND85541
3,IND59219
4,IND43444
2,IND85299
4,IND58136
2,IND35725
2,IND15648
1,IND48116
4,IND28531
2,IND45135
1,IND72586
1,IND80929
1,IND40714
1,IND48405
3,IND52634
3,IND18163
2,IND94008
3,IND53034
5,IND91806
3,IND25702
2,IND67912
4,IND76171
4,IND34798
3,IND93920
4,IND18628
4,IND42134
3,IND92265
1,IND77317
3,IND60176
2,IND51597
1,IND33238
2,IND18364
1,IND92467
4,IND60476
2,IND61025
1,IND55955
5,IND75964
5,IND17939
1,IND49363
2,IND93355
2,IND65845
3,IND26284
4,IND24774
4,IND12731
1,IND93115
1,IND85411
5,IND58620
1,IND86466
3,IND67594
1,IND34060
5,IND93556
4,IND98512
2,IND52571
5,IND37643
4,IND54218
2,IND61793
1,IND36608
4,IND48488
1,IND67225
5,IND82919
3,IND77016
3,IND75034
4,IND90860
3,IND73867
2,IND27930
5,IND35620
1,IND91353
3,IND97689
2,IND77331
3,IND71401
3,IND66104
3,IND36471
3,IND81572
1,IND94055
2,IND88778
1,IND68221
3,IND58681
1,IND54970
2,IND26450
3,IND28733
5,IND91334
3,IND61397
3,IND65691
5,IND19666
3,IND76794
3,IND77195
1,IND36167
2,IND76489
1,IND23438
4,IND82705
2,IND67912
3,IND33202
3,IND19321
1,IND81583
1,IND46105
2,IND21098
2,IND47710
4,IND42043
1,IND49707
2,IND27394
4,IND86832
1,IND34869
5,IND24876
1,IND87901
2,IND56584
4,IND43476
5,IND92423
5,IND64291
5,IND49463
4,IND58198
1,IND90041
4,IND55402
2,IND58643
4,IND17528
3,IND98400
5,IND43327
4,IND77723
4,IND33585
5,IND27105
1,IND86081
2,IND47439
2,IND27269
4,IND97061
5,IND94872
5,IND86593
4,IND84908
1,IND32885
4,IND70495
4,IND45220
3,IND49684
5,IND26273
2,IND99234
2,IND41611
1,IND96915
5,IND59595
5,IND20812
1,IND59202
5,IND19395
2,IND38441
5,IND80195
4,IND90057
4,IND21309
5,IND33489
1,IND27091
3,IND37844
4,IND47299
1,IND19507
4,IND73841
3,IND79955
2,IND95385
1,IND73492
2,IND38646
4,IND89482
3,IND27026
3,IND69949
2,IND84825
1,IND41067
4,IND98674
2,IND97660
5,IND82676
2,IND88784
2,IND28479
4,IND23784
3,IND42646
2,IND53717
1,IND96295
2,IND41811
3,IND45638
1,IND70297
4,IND79201
2,IND17019
4,IND20282
1,IND30151
3,IND45419
2,IND78162
4,IND66784
5,IND97262
2,IND33193
2,IND94106
1,IND15556
1,IND20631
5,IND13898
1,IND46880
1,IND57163
2,IND42982
1,IND51913
2,IND76764
4,IND82314
1,IND82248
4,IND49091
5,IND24529
1,IND93171
4,IND71818
3,IND35821
5,IND44974
5,IND24341
2,IND60293
4,IND46675
3,IND17984
5,IND23002
2,IND70737
4,IND17926
1,IND30891
3,IND51261
1,IND69251
2,IND56740
4,IND95612
5,IND35099
2,IND42857
1,IND32603
4,IND62569
2,IND35181
1,IND99256
1,IND65151
5,IND81182
5,IND89708
2,IND63717
1,IND71868
5,IND32785
3,IND79142
5,IND59824
5,IND37278
2,IND34859
5,IND50054
3,IND62645
2,IND41646
2,IND92575
5,IND36120
2,IND85936
1,IND49172
2,IND34576
4,IND75884
5,IND41393
2,IND67868
1,IND82789
2,IND77478
2,IND57043
4,IND68936
1,IND44846
5,IND55021
3,IND30407
3,IND15466
5,IND15083
3,IND37063
3,IND78066
5,IND87900
4,IND47950
2,IND84355
5,IND45102
5,IND56828
4,IND28199
4,IND67109
4,IND85846
3,IND76900
2,IND87656
5,IND76306
2,IND42135
1,IND15894
2,IND81866
5,IND69783
5,IND67788
5,IND29999
2,IND50590
1,IND64905
5,IND50588
2,IND24058
3,IND87992
3,IND90735
5,IND18126
5,IND95672
4,IND59778
1,IND74622
5,IND40781
1,IND39173
3,IND41835
1,IND13004
1,IND69109
1,IND95810
1,IND81099
3,IND76632
2,IND55460
4,IND64186
4,IND65738
5,IND38016
1,IND97456
2,IND94167
3,IND54473
5,IND32547
4,IND78611
3,IND15955
2,IND15581
1,IND29679
2,IND30445
3,IND90272
3,IND25035
4,IND25593
4,IND79190
1,IND31341
1,IND49233
3,IND82834
1,IND64549
5,IND63160
5,IND99412
3,IND41977
5,IND54849
3,IND73662
2,IND58104
3,IND42259
4,IND96983
3,IND15092
1,IND52181
3,IND14614
3,IND75661
1,IND63878
1,IND60682
5,IND71119
4,IND31796
2,IND15290
4,IND69222
4,IND41761
1,IND65488
4,IND99221
5,IND71359
1,IND82515
2,IND85958
5,IND68750
4,IND91822
3,IND80931
2,IND20616
1,IND59654
2,IND56699
3,IND45574
3,IND46000
5,IND72516
1,IND35302
4,IND80068
5,IND53480
2,IND88872
3,IND66621
4,IND29174
2,IND98830
1,IND34318
5,IND95108
3,IND21281
3,IND86574
3,IND25843
2,IND15764
5,IND70765
5,IND88371
4,IND28842
4,IND90911
4,IND52021
3,IND71090
3,IND60722
3,IND77027
3,IND45186
3,IND84015
5,IND66550
5,IND35051
1,IND91538
3,IND30644
4,IND78937
5,IND25670
3,IND58212
3,IND74531
1,IND49953
4,IND88814
5,IND49516
1,IND17543
3,IND54739
3,IND70122
3,IND53005
2,IND99246
4,IND79699
1,IND81435
4,IND44710
1,IND69069
5,IND94927
2,IND21170
4,IND28755
3,IND29416
3,IND61034
5,IND78545
5,IND98856
4,IND76287
3,IND45303
2,IND35316
5,IND84401
3,IND49213
5,IND97338
4,IND76090
3,IND92942
5,IND90141
1,IND59125
3,IND46331
5,IND25095
5,IND87283
3,IND96588
4,IND44048
2,IND73301
4,IND15363
2,IND28655
4,IND71338
1,IND18100
1,IND35375
4,IND77446
3,IND57619
3,IND32973
4,IND91469
2,IND66158
2,IND79633
3,IND24344
5,IND54434
2,IND38076
3,IND78584
1,IND42885
1,IND61947
4,IND22902
1,IND36415
2,IND17053
4,IND93602
3,IND87324
3,IND86489
2,IND33219
4,IND92525
5,IND57611
5,IND33962
3,IND25477
4,IND21399
2,IND51180
3,IND34917
3,IND99500
3,IND27808
2,IND68013
2,IND73002
1,IND91167
3,IND19266
1,IND41224
2,IND70122
2,IND21599
4,IND47190
3,IND84384
2,IND18979
3,IND49334
3,IND13115
3,IND61086
4,IND50034
2,IND94544
5,IND96395
5,IND50912
3,IND83055
3,IND97304
5,IND66871
3,IND50172
1,IND25256
4,IND35349
1,IND18663
2,IND44333
3,IND78750
1,IND51161
5,IND76383
4,IND14845
5,IND20426
2,IND76186
2,IND35748
3,IND55295
5,IND77847
1,IND89099
1,IND75515
1,IND72150
3,IND77948
4,IND46116
3,IND92008
2,IND32087
1,IND16848
2,IND95525
5,IND17508
5,IND56276
1,IND39354
4,IND27001
4,IND73045
4,IND99269
1,IND90516
1,IND54595
5,IND81069
1,IND87002
3,IND26303
2,IND47408
2,IND24335
2,IND76682
4,IND95974
4,IND93947
3,IND14471
4,IND88703
1,IND47036
5,IND38886
3,IND20053
1,IND47894
3,IND88607
4,IND91152
1,IND53812
1,IND96437
1,IND40105
3,IND54599
3,IND31887
1,IND54112
2,IND75973
4,IND67265
3,IND92210
5,IND37311
2,IND93006
1,IND50691
3,IND60221
5,IND50457
4,IND61531
4,IND55634
4,IND73340
4,IND36571
2,IND48638
4,IND17470
5,IND90409
1,IND37142
1,IND88367
4,IND58182
2,IND35165
4,IND24057
5,IND73753
1,IND23130
3,IND49045
2,IND15747
3,IND20560
4,IND89128
3,IND66207
4,IND40294
4,IND90506
3,IND82575
3,IND22602
2,IND32945
1,IND24180
1,IND43809
1,IND86910
4,IND17854
1,IND82540
2,IND26234
3,IND38793
3,IND49322
5,IND86286
5,IND92223
3,IND68280
3,IND87450
2,IND51266
1,IND68515
1,IND22846
5,IND70559
2,IND58661
2,IND23121
1,IND75610
1,IND96933
3,IND59583
1,IND64445
1,IND16141
2,IND16245
2,IND51347
2,IND74826
1,IND49841
1,IND92294
3,IND13248
1,IND78119
4,IND45023
3,IND25976
3,IND39108
4,IND16958
5,IND26204
5,IND99025
4,IND54417
4,IND76613
3,IND77083
5,IND65802
2,IND80061
3,IND68708
2,IND90486
5,IND78396
4,IND80646
3,IND61166
3,IND64879
3,IND59415
2,IND97044
3,IND68021
2,IND72946
1,IND58634
3,IND50985
5,IND23452
5,IND77117
5,IND19327
2,IND96247
3,IND40048
3,IND29312
3,IND91194
1,IND29701
1,IND76758
2,IND80021
1,IND90597
4,IND36038
4,IND65968
2,IND22142
4,IND32126
1,IND55096
3,IND62447
4,IND68508
1,IND69834
4,IND45589
2,IND64345
4,IND77099
3,IND23075
4,IND95786
5,IND30950
5,IND22467
3,IND61104
3,IND31340
4,IND97227
5,IND51772
3,IND97733
3,IND94420
2,IND23132
4,IND37935
2,IND82385
3,IND70540
5,IND64051
1,IND29216
4,IND50658
4,IND98869
1,IND26568
3,IND21009
5,IND21838
3,IND17701
1,IND95185
3,IND99321
4,IND93185
2,IND43584
2,IND19265
1,IND81391
2,IND31357
1,IND73056
5,IND70935
4,IND52716
4,IND22605
2,IND55690
1,IND13395
1,IND51390
2,IND45563
5,IND39191
4,IND15088
5,IND36682
2,IND52986
4,IND61440
5,IND99015
3,IND54373
5,IND87901
1,IND64411
1,IND51179
5,IND74150
3,IND71806
5,IND92305
1,IND50530
2,IND23766
5,IND51999
1,IND74286
5,IND96410
5,IND19975
5,IND33502
1,IND66341
3,IND70050
1,IND96601
1,IND95215
3,IND77741
5,IND80280
4,IND41934
3,IND90650
5,IND94273
3,IND44029
2,IND45063
5,IND70183
4,IND35875
2,IND75766
3,IND52274
4,IND25512
5,IND85958
5,IND24266
2,IND19846
3,IND93267
4,IND80594
2,IND80690
4,IND13801
5,IND80847
2,IND56469
2,IND96719
2,IND69161
4,IND63563
1,IND33616
5,IND61446
2,IND71063
4,IND41653
5,IND82371
1,IND75420
1,IND95008
4,IND56438
3,IND62378
1,IND84180
2,IND69349
1,IND65968
4,IND83086
5,IND70927
4,IND71808
5,IND17448
2,IND24125
1,IND96154
5,IND35689
2,IND28975
4,IND39526
2,IND96775
4,IND90131
5,IND68422
4,IND34367
5,IND56930
5,IND47675
5,IND91448
2,IND37820
5,IND25754
5,IND50610
4,IND26467
1,IND73333
5,IND69547
3,IND14819
2,IND43846
3,IND50683
3,IND70906
5,IND57481
3,IND59872
1,IND29699
5,IND74437
1,IND72103
5,IND49677
5,IND68590
1,IND42163
1,IND25041
1,IND32204
2,IND94129
3,IND68054
5,IND98980
5,IND77041
1,IND56058
4,IND89708
2,IND71190
1,IND70757
1,IND15919
5,IND59154
5,IND25459
1,IND29817
5,IND82819
1,IND48072
5,IND36436
3,IND85558
1,IND21262
2,IND25060
1,IND50748
4,IND53747
2,IND17734
2,IND92033
4,IND52344
1,IND75455
4,IND69891
2,IND42851
1,IND74794
1,IND55441
3,IND97245
1,IND80718
5,IND60540
2,IND84388
1,IND73711
4,IND70721
4,IND91832
4,IND95921
5,IND94561
1,IND38595
5,IND31346
3,IND70209
5,IND27981
5,IND79163
1,IND59205
5,IND84529
3,IND63017
4,IND24293
2,IND94962
1,IND35866
3,IND55044
1,IND94695
5,IND28537
3,IND85021
4,IND29986
4,IND86878
1,IND60465
1,IND73125
1,IND98233
2,IND68679
5,IND14562
5,IND96926
3,IND40602
2,IND47214
1,IND71720
2,IND56484
1,IND53058
2,IND95957
3,IND38845
3,IND99278
4,IND26586
1,IND66416
3,IND38924
1,IND36717
2,IND73287
2,IND21305
2,IND86054
5,IND94339
5,IND24875
3,IND77399
4,IND32150
1,IND22235
3,IND89957
3,IND95344
2,IND60238
4,IND63877
5,IND46444
4,IND90967
2,IND62715
2,IND22819
1,IND30005
3,IND56267
1,IND90914
2,IND12887
3,IND32576
3,IND64632
4,IND39451
5,IND93338
4,IND34903
1,IND48107
3,IND52066
3,IND13323
4,IND73501
3,IND33792
2,IND74791
3,IND27672
1,IND67115
3,IND52289
5,IND43149
5,IND72913
1,IND14852
4,IND68011
1,IND91231
4,IND14605
1,IND41281
5,IND18810
4,IND82994
5,IND91436
2,IND26113
3,IND52376
5,IND39963
5,IND69382
5,IND42846
3,IND84870
5,IND66083
2,IND79353
2,IND32172
3,IND81046
4,IND32055
3,IND77434
5,IND21979
4,IND93882
5,IND68640
1,IND26629
5,IND19405
4,IND63706
1,IND32364
4,IND13011
3,IND99653
1,IND76462
4,IND42541
3,IND33915
1,IND79409
3,IND31656
5,IND78167
3,IND70365
1,IND86656
4,IND31800
4,IND33945
2,IND93906
4,IND15455
5,IND94086
5,IND60533
2,IND95299
3,IND52037
2,IND58836
3,IND52119
4,IND47625
3,IND85850
4,IND44531
5,IND30404
5,IND66163
4,IND17019
4,IND50174
5,IND25709
3,IND65408
3,IND85664
5,IND16777
5,IND67420
4,IND50127
2,IND86179
2,IND85625
4,IND21371
2,IND78463
5,IND90097
2,IND91317
1,IND61281
4,IND72001
4,IND53908
4,IND38662
4,IND25143
3,IND84955
4,IND60929
2,IND76718
1,IND17839
1,IND70507
2,IND60309
4,IND57420
2,IND73620
2,IND18821
3,IND65162
3,IND78069
3,IND15365
3,IND29462
1,IND22756
2,IND83694
2,IND35322
2,IND55869
2,IND56377
1,IND15988
1,IND73374
2,IND21502
2,IND29427
1,IND71580
2,IND91691
4,IND45315
4,IND93375
5,IND20160
4,IND21443
5,IND76903
3,IND33223
4,IND31198
3,IND81185
2,IND78244
5,IND34087
1,IND35800
1,IND67659
1,IND52398
2,IND70396
5,IND72422
2,IND67727
3,IND94062
3,IND16568
1,IND42280
2,IND55262
2,IND24725
1,IND41923
3,IND98787
1,IND34623
5,IND99131
1,IND65458
2,IND96867
3,IND31097
2,IND71984
2,IND19583
3,IND26127
3,IND15735
2,IND35589
2,IND48252
1,IND28622
4,IND26976
5,IND55010
5,IND27334
5,IND88663
5,IND51758
2,IND87441
4,IND68843
1,IND94313
4,IND15955
2,IND98364
4,IND85031
1,IND95645
3,IND59038
1,IND24649
1,IND73983
3,IND60147
1,IND43511
3,IND21887
5,IND77252
3,IND87256
1,IND48208
3,IND33951
1,IND71913
2,IND32579
4,IND96364
3,IND84055
1,IND59380
1,IND28522
5,IND80461
5,IND62950
2,IND88639
4,IND64775
2,IND58749
1,IND63712
4,IND38974
2,IND27949
3,IND48913
1,IND38755
2,IND36748
1,IND25425
5,IND18504
2,IND90888
3,IND19493
5,IND31435
5,IND72147
1,IND86610
3,IND21504
4,IND79743
1,IND48435
4,IND78342
3,IND44023
3,IND40901
3,IND13219
4,IND48902
5,IND34748
5,IND33562
1,IND75139
2,IND27653
3,IND64098
4,IND70565
3,IND48103
1,IND53609
4,IND86089
1,IND76695
5,IND97632
5,IND72949
5,IND70877
5,IND15767
5,IND97246
4,IND33304
5,IND71718
5,IND39571
3,IND56175
4,IND87362
5,IND51423
4,IND46502
1,IND44199
3,IND31246
2,IND80498
4,IND49142
1,IND50904
5,IND76572
4,IND32423
3,IND38977
1,IND41707
3,IND70193
3,IND87876
4,IND47890
3,IND35744
2,IND47623
5,IND36468
4,IND56605
2,IND30713
5,IND21229
4,IND87062
1,IND99910
1,IND37041
2,IND52657
2,IND38321
1,IND43916
3,IND46447
5,IND84755
4,IND45303
5,IND84825
3,IND22385
1,IND57724
2,IND96098
1,IND45192
1,IND87243
5,IND47130
4,IND35064
2,IND91327
3,IND31787
3,IND73969
4,IND45185
2,IND73287
1,IND70814
1,IND24037
4,IND15396
5,IND23636
4,IND46502
5,IND26451
1,IND66679
5,IND65897
2,IND52886
1,IND66931
4,IND50563
5,IND82494
2,IND32752
3,IND60228
1,IND31493
3,IND16745
1,IND96019
3,IND31862
5,IND91417
4,IND21808
3,IND72909
5,IND59364
2,IND68800
3,IND19308
1,IND50968
3,IND60474
3,IND19117
1,IND66918
3,IND59407
2,IND40471
1,IND85041
2,IND48176
4,IND37683
2,IND99006
3,IND38675
4,IND83783
4,IND88284
4,IND21526
4,IND70008
5,IND90240
1,IND51766
1,IND29470
1,IND23054
3,IND59974
3,IND65635
2,IND65600
3,IND53125
5,IND13509
3,IND95651
2,IND63200
3,IND81613
4,IND60956
5,IND13711
2,IND62222
2,IND59714
1,IND48103
5,IND47424
4,IND84942
2,IND79115
3,IND98898
4,IND27181
1,IND33470
3,IND67270
3,IND42900
4,IND54363
3,IND46401
3,IND29266
4,IND88950
4,IND54504
3,IND90241
4,IND49190
5,IND33984
3,IND51947
4,IND97419
2,IND50993
4,IND67880
4,IND29107
1,IND38710
1,IND18498
5,IND26008
3,IND69939
4,IND17524
4,IND62351
2,IND62889
4,IND88021
5,IND36235
1,IND71573
4,IND35926
2,IND13753
4,IND46745
1,IND86610
5,IND47886
3,IND90885
4,IND22904
1,IND82060
1,IND49261
2,IND57999
3,IND54797
3,IND33629
5,IND74667
3,IND13486
2,IND27626
2,IND94410
1,IND63836
5,IND78028
2,IND22081
4,IND93388
3,IND54286
3,IND78943
3,IND36951
5,IND17798
1,IND46044
2,IND43480
5,IND83407
4,IND80089
5,IND63136
3,IND14347
1,IND38794
5,IND19657
1,IND62031
1,IND62007
4,IND47000
3,IND88064
4,IND36864
5,IND56480
3,IND66163
2,IND44689
5,IND59059
4,IND73185
3,IND50404
4,IND98223
3,IND76462
2,IND33553
4,IND65980
5,IND33495
3,IND84144
5,IND67150
3,IND79483
3,IND21788
2,IND54719
2,IND21106
2,IND30260
5,IND53757
2,IND65418
2,IND40870
4,IND99607
2,IND93836
5,IND97223
1,IND35919
3,IND39837
2,IND81606
2,IND30766
3,IND41873
1,IND99374
5,IND42481
3,IND13907
1,IND79745
5,IND45732
4,IND45344
1,IND64096
5,IND37064
4,IND46886
1,IND94600
5,IND42408
5,IND95576
4,IND87787
4,IND44084
5,IND86710
5,IND43909
3,IND20927
5,IND57563
2,IND17254
1,IND98826
3,IND76028
5,IND41655
4,IND75932
1,IND86705
4,IND79787
5,IND62595
1,IND25773
4,IND46155
4,IND96756
2,IND85245
2,IND21386
5,IND65402
1,IND42622
4,IND83775
1,IND14543
5,IND54095
4,IND19003
5,IND86759
1,IND56173
3,IND61687
1,IND57908
5,IND69220
1,IND95487
1,IND92968
4,IND62985
3,IND41456
3,IND63334
3,IND32903
2,IND34986
2,IND72265
4,IND64873
1,IND30612
4,IND56739
2,IND71679
4,IND69386
1,IND30675
2,IND37613
1,IND32828
3,IND59220
2,IND25922
3,IND92034
4,IND33307
5,IND25691
5,IND69736
5,IND65318
1,IND83499
2,IND74300
4,IND47852
2,IND43367
3,IND84211
3,IND27091
5,IND84197
2,IND97134
4,IND68544
4,IND96321
2,IND94055
5,IND48964
5,IND28345
3,IND93272
5,IND58727
2,IND47871
3,IND24899
4,IND58197
3,IND59695
5,IND29786
4,IND59107
2,IND37582
5,IND72283
2,IND74203
2,IND50994
1,IND58185
3,IND43545
3,IND83063
5,IND15980
1,IND35484
2,IND79472
5,IND93672
2,IND88113
2,IND53799
2,IND41887
1,IND88761
5,IND40435
4,IND56106
2,IND41735
1,IND90777
5,IND51577
5,IND80436
4,IND79704
2,IND15664
5,IND94938
2,IND80870
3,IND58524
1,IND73247
3,IND49380
2,IND32752
5,IND79491
5,IND52559
2,IND94127
1,IND59774
1,IND61218
5,IND28314
1,IND76099
4,IND58197
5,IND79892
5,IND39781
2,IND35995
4,IND42566
1,IND31753
2,IND53894
5,IND56621
1,IND76021
4,IND17070
3,IND37670
1,IND45617
1,IND47563
4,IND46352
3,IND52499
3,IND64778
5,IND83362
5,IND30786
5,IND20476
2,IND69060
2,IND17931
2,IND56891
5,IND37323
2,IND17259
4,IND24069
5,IND70868
3,IND94996
4,IND92018
4,IND40311
2,IND22076
4,IND88518
5,IND67149
5,IND94783
5,IND28381
1,IND19580
4,IND96087
2,IND38737
2,IND38628
4,IND47104
4,IND35485
4,IND89040
5,IND41722
3,IND34939
3,IND15036
3,IND80720
4,IND35191
1,IND83420
4,IND67155
3,IND53173
3,IND15625
1,IND33337
2,IND40896
3,IND71163
4,IND78424
3,IND41219
1,IND62450
4,IND67674
2,IND14696
1,IND39582
5,IND55512
2,IND58447
1,IND66908
2,IND93572
5,IND70604
1,IND28563
5,IND44786
1,IND79851
2,IND24079
3,IND15798
5,IND37241
2,IND86966
5,IND71164
3,IND40932
2,IND96715
2,IND50507
3,IND38878
1,IND59922
5,IND32848
5,IND22297
4,IND17713
5,IND25396
4,IND15088
5,IND24185
4,IND13182
2,IND57459
2,IND60265
2,IND98600
5,IND56505
2,IND24188
4,IND66753
4,IND31161
2,IND74796
5,IND18529
2,IND45403
1,IND57142
2,IND45470
3,IND69975
1,IND22525
1,IND15624
2,IND85067
3,IND53006
5,IND52186
1,IND99691
4,IND35211
4,IND54677
1,IND75463
3,IND54309
4,IND32424
4,IND64425
5,IND63920
3,IND57702
4,IND50366
3,IND35560
1,IND97501
1,IND50411
4,IND76102
2,IND56074
4,IND27011
2,IND48221
1,IND45884
2,IND16593
2,IND32999
5,IND39671
4,IND65149
1,IND87267
2,IND69610
4,IND80344
4,IND38207
2,IND79637
5,IND29921
1,IND59198
4,IND19422
5,IND54707
3,IND20608
3,IND98943
2,IND61538
2,IND78351
2,IND46289
3,IND16285
1,IND85859
2,IND86031
5,IND65548
1,IND28392
5,IND36665
5,IND31739
3,IND68824
5,IND81954
3,IND57483
1,IND58811
5,IND90712
3,IND78657
1,IND77048
3,IND80417
5,IND69214
4,IND35051
1,IND29305
2,IND81554
5,IND76672
2,IND89391
1,IND95274
2,IND93078
3,IND47843
3,IND93058
2,IND92239
4,IND12702
2,IND54557
1,IND98387
2,IND21698
5,IND60028
2,IND77518
3,IND81280
4,IND27009
4,IND29085
5,IND62329
1,IND35485
2,IND23071
2,IND49461
3,IND84835
1,IND88751
5,IND47511
1,IND57469
2,IND13603
2,IND28663
3,IND21547
3,IND76281
2,IND68811
1,IND74692
2,IND57450
4,IND80645
1,IND91185
5,IND97947
2,IND88225
5,IND58373
1,IND57160
4,IND87140
5,IND43888
2,IND93701
1,IND91174
2,IND24235
4,IND49606
3,IND35234
1,IND62564
1,IND44323
5,IND33515
4,IND60299
4,IND78861
1,IND92647
1,IND56044
2,IND36801
5,IND38949
3,IND40740
4,IND48919
2,IND43851
3,IND82642
1,IND86812
5,IND13296
1,IND39713
1,IND12660
3,IND41076
2,IND64863
5,IND76341
2,IND50293
2,IND32223
3,IND63518
2,IND98503
5,IND38742
3,IND98838
1,IND52011
5,IND27143
2,IND67603
3,IND65057
3,IND16812
5,IND39500
5,IND69752
4,IND50261
2,IND20655
5,IND84018
1,IND52284
1,IND38633
4,IND94590
5,IND29286
3,IND86944
1,IND82767
2,IND64440
1,IND97211
3,IND60063
5,IND91861
2,IND98755
2,IND93695
3,IND56540
4,IND79052
2,IND54277
3,IND60443
5,IND66045
2,IND80791
3,IND67613
5,IND74089
3,IND60913
4,IND98087
1,IND31887
4,IND67190
2,IND95893
3,IND59612
2,IND57231
5,IND20899
4,IND79950
2,IND69031
3,IND78617
2,IND92044
4,IND94650
1,IND62018
3,IND97714
3,IND62445
1,IND34780
5,IND97314
3,IND96807
5,IND34442
5,IND57917
1,IND57474
4,IND62022
5,IND98847
2,IND93864
1,IND71100
4,IND28425
3,IND24753
1,IND75584
1,IND82408
5,IND59517
1,IND20659
5,IND17087
3,IND54827
4,IND73702
1,IND30737
4,IND25733
3,IND21564
5,IND42415
5,IND14959
1,IND74028
4,IND70570
4,IND35225
1,IND76179
2,IND55647
3,IND89010
1,IND24422
2,IND84352
1,IND38237
4,IND54321
2,IND61299
4,IND22254
1,IND13347
2,IND84771
3,IND37011
5,IND90697
1,IND18049
2,IND74615
5,IND77494
2,IND48525
5,IND16052
2,IND50738
1,IND85690
4,IND61194
3,IND63043
1,IND26448
3,IND92735
3,IND84491
3,IND56629
2,IND52032
4,IND18823
1,IND57208
4,IND32855
2,IND24817
4,IND68120
4,IND28222
1,IND47326
3,IND45822
2,IND96083
2,IND43081
3,IND78182
2,IND98632
1,IND48103
2,IND52448
5,IND38403
2,IND99962
5,IND70182
4,IND17319
3,IND72327
3,IND59532
5,IND29309
1,IND36108
4,IND86953
4,IND86901
3,IND17683
3,IND56317
2,IND92195
1,IND70343
1,IND91720
4,IND45348
1,IND38267
1,IND77225
4,IND32917
4,IND95721
4,IND24755
1,IND76617
1,IND92582
4,IND27430
5,IND94282
4,IND33571
4,IND96795
5,IND61615
4,IND48032
1,IND25277
1,IND59951
1,IND29371
4,IND70227
3,IND29257
2,IND33086
3,IND89151
2,IND62657
2,IND83245
3,IND61510
4,IND66755
1,IND50523
3,IND29653
5,IND76864
1,IND41553
3,IND85414
3,IND68994
5,IND73388
3,IND80015
5,IND82699
4,IND23356
2,IND43700
4,IND78571
3,IND30598
1,IND21000
5,IND23889
2,IND65604
5,IND46205
3,IND65923
3,IND73017
5,IND88027
3,IND16110
1,IND66556
3,IND99578
2,IND32278
1,IND45962
3,IND61230
5,IND59637
3,IND79357
2,IND57365
2,IND28236
3,IND89378
5,IND44815
4,IND18812
3,IND67567
2,IND47332
1,IND52432
5,IND23568
5,IND79795
5,IND40475
3,IND92840
2,IND39612
1,IND78997
1,IND97635
1,IND41288
1,IND31252
4,IND90265
4,IND39682
4,IND47091
2,IND15145
3,IND69088
1,IND71209
3,IND70392
1,IND50738
4,IND17499
2,IND82261
1,IND52971
1,IND77657
5,IND34637
1,IND21388
3,IND23466
2,IND37319
5,IND39352
5,IND28190
3,IND49543
5,IND16415
2,IND39399
1,IND63000
2,IND37028
4,IND62435
2,IND72682
2,IND83165
1,IND75623
4,IND21058
5,IND82903
1,IND66272
4,IND19399
3,IND95041
5,IND79442
5,IND55241
3,IND51146
4,IND25698
1,IND56730
4,IND50377
2,IND44237
5,IND45334
4,IND22951
4,IND98187
3,IND83250
4,IND15003
3,IND50596
3,IND52253
1,IND44460
2,IND70843
5,IND86529
1,IND55587
5,IND72739
5,IND67930
2,IND46268
3,IND82874
1,IND30869
4,IND95431
2,IND17593
1,IND29284
1,IND20167
2,IND51633
4,IND48741
2,IND83525
1,IND48432
3,IND27926
5,IND45923
3,IND73297
2,IND69570
2,IND15006
3,IND42515
1,IND56981
4,IND45092
3,IND68220
3,IND52850
1,IND62637
5,IND27463
1,IND57502
4,IND35319
3,IND23783
1,IND90414
5,IND51353
2,IND52252
5,IND86849
1,IND18751
3,IND23045
4,IND14385
1,IND65960
5,IND69484
1,IND15970
3,IND59374
5,IND56474
5,IND93181
5,IND68480
3,IND77629
2,IND20946
1,IND76461
5,IND73140
4,IND47099
4,IND96585
2,IND94165
4,IND95121
1,IND40107
4,IND50027
1,IND21031
1,IND12811
4,IND77134
4,IND65796
4,IND52319
3,IND54844
5,IND89924
4,IND69892
2,IND21947
1,IND47171
3,IND81366
2,IND37255
1,IND54288
3,IND81264
2,IND44868
3,IND58718
5,IND13491
5,IND67285
2,IND80508
2,IND80012
1,IND24103
4,IND96193
5,IND95777
2,IND99904
2,IND51561
5,IND36643
3,IND52909
3,IND40382
4,IND29277
1,IND28276
4,IND63171
2,IND75976
5,IND95034
4,IND34886
2,IND65740
4,IND22943
2,IND62166
3,IND31625
4,IND53168
2,IND62132
5,IND49496
2,IND39167
2,IND56356
4,IND84445
1,IND83697
1,IND92276
4,IND63929
2,IND20154
5,IND73329
1,IND55336
4,IND50934
3,IND15178
5,IND67097
2,IND71917
5,IND29396
4,IND17042
5,IND96714
2,IND74213
2,IND33290
4,IND82331
5,IND41616
5,IND13977
4,IND37918
1,IND93832
4,IND40270
4,IND27859
3,IND76060
3,IND24265
1,IND48804
4,IND99895
3,IND26169
3,IND46964
1,IND33681
5,IND95665
4,IND34612
4,IND56244
1,IND98780
4,IND80677
3,IND85232
5,IND84182
4,IND22162
1,IND48448
2,IND28042
4,IND39614
2,IND39056
5,IND20248
4,IND67058
1,IND81182
3,IND72540
1,IND79266
5,IND45633
4,IND50255
2,IND35529
1,IND76818
2,IND65466
2,IND62602
4,IND67173
2,IND60054
5,IND78031
5,IND72496
2,IND91488
3,IND21889
4,IND22592
3,IND70846
1,IND97484
3,IND22626
2,IND73526
5,IND42840
2,IND91337
2,IND71064
5,IND34987
5,IND34900
3,IND70426
4,IND27490
5,IND69225
5,IND68596
4,IND19235
2,IND53236
2,IND47522
5,IND76422
5,IND14568
3,IND32670
5,IND59876
3,IND34342
1,IND90271
1,IND66490
4,IND72025
2,IND28746
4,IND36364
1,IND24886
1,IND41593
3,IND82914
5,IND94566
4,IND84566
5,IND56102
4,IND92786
4,IND14072
5,IND63281
4,IND55583
1,IND46965
4,IND53170
3,IND88033
2,IND14313
4,IND93676
5,IND78744
3,IND60784
2,IND56967
1,IND17406
4,IND86889
3,IND20569
4,IND71904
5,IND49223
3,IND45778
1,IND90203
3,IND45957
3,IND37324
5,IND22736
5,IND95042
3,IND71261
3,IND38724
2,IND70825
5,IND78133
4,IND24135
1,IND58253
4,IND49839
3,IND50159
1,IND52909
1,IND71789
1,IND81334
1,IND23592
2,IND38173
5,IND71352
3,IND63534
1,IND68727
5,IND36875
1,IND44607
4,IND82641
1,IND41747
2,IND48658
4,IND63683
4,IND58912
4,IND34297
3,IND66416
4,IND46043
3,IND26793
3,IND57827
5,IND61268
2,IND61936
5,IND87086
4,IND99616
3,IND76839
5,IND51542
2,IND31177
1,IND25757
3,IND83050
3,IND88698
2,IND36562
2,IND30719
3,IND26679
3,IND54314
5,IND72436
5,IND59337
1,IND78689
2,IND31280
4,IND26777
5,IND37741
5,IND28884
5,IND21608
4,IND30193
4,IND38702
4,IND14237
1,IND35253
1,IND14559
2,IND31565
5,IND44723
4,IND25889
1,IND80593
2,IND91319
1,IND75746
2,IND23455
2,IND12762
2,IND17356
4,IND14968
2,IND26205
5,IND40402
3,IND23534
1,IND13368
5,IND89530
2,IND46536
3,IND50842
3,IND78530
2,IND86823
3,IND22908
5,IND63930
5,IND59614
4,IND16937
3,IND22152
3,IND19673
4,IND91458
3,IND71139
2,IND44382
2,IND32518
5,IND98549
5,IND22303
4,IND33084
3,IND36967
5,IND20489
1,IND35221
2,IND67799
2,IND84095
5,IND59330
4,IND99522
4,IND53925
2,IND47766
3,IND74222
5,IND96627
5,IND46573
3,IND52334
2,IND47388
2,IND63480
4,IND71563
3,IND47672
5,IND47218
4,IND40866
2,IND55731
3,IND18241
5,IND38340
2,IND31054
5,IND41463
1,IND39119
3,IND63354
1,IND64751
3,IND73281
4,IND91520
3,IND96624
4,IND27565
1,IND18836
3,IND75100
5,IND94833
3,IND33044
1,IND23940
2,IND17023
2,IND69409
5,IND30509
1,IND27469
5,IND40533
3,IND93358
1,IND46908
4,IND85219
2,IND93026
3,IND67593
1,IND13283
1,IND15990
4,IND45804
4,IND33862
1,IND50358
1,IND31525
4,IND78049
4,IND72258
1,IND76365
1,IND76509
3,IND33221
5,IND45691
1,IND48905
1,IND64966
1,IND21667
5,IND65854
2,IND53772
3,IND51069
4,IND83107
1,IND19058
2,IND65820
2,IND71996
3,IND45882
1,IND75924
4,IND81510
1,IND12649
5,IND20255
2,IND86039
5,IND98413
2,IND16961
1,IND39027
4,IND43922
3,IND29124
3,IND46526
2,IND69834
5,IND52128
1,IND74305
1,IND73272
2,IND49313
4,IND43853
5,IND68149
4,IND31637
5,IND26575
2,IND52133
3,IND70060
5,IND54963
4,IND66192
4,IND63630
4,IND16203
4,IND34130
3,IND85584
2,IND69189
4,IND92553
4,IND72590
4,IND64087
3,IND48810
4,IND80350
2,IND88721
2,IND98982
3,IND65931
4,IND35242
5,IND52234
3,IND46113
4,IND33767
5,IND26283
3,IND67517
5,IND56906
5,IND28225
2,IND71712
1,IND41594
4,IND87812
1,IND97969
4,IND96593
3,IND73558
3,IND43779
3,IND96346
5,IND87222
4,IND78803
4,IND31057
2,IND59891
5,IND92500
3,IND47276
2,IND19673
5,IND83985
4,IND72250
5,IND61248
2,IND52506
4,IND45460
2,IND29763
1,IND72578
5,IND38948
1,IND46699
4,IND78763
1,IND51658
4,IND95154
5,IND94518
4,IND94947
2,IND70766
1,IND31616
5,IND63272
3,IND89040
1,IND59471
2,IND86960
1,IND29637
3,IND76975
3,IND19165
1,IND21974
5,IND17085
2,IND59398
4,IND84558
4,IND72037
3,IND24573
3,IND23033
4,IND82305
1,IND84879
4,IND77110
3,IND51370
1,IND73499
5,IND79465
4,IND35812
3,IND19935
2,IND43475
3,IND39658
5,IND42006
5,IND13072
3,IND50762
5,IND79565
2,IND21206
1,IND62941
4,IND48073
3,IND18560
5,IND83480
5,IND85295
4,IND74978
1,IND27629
3,IND71157
3,IND99483
2,IND35166
5,IND73212
4,IND90377
2,IND33047
5,IND20303
5,IND82550
3,IND15069
3,IND72898
5,IND43567
1,IND43437
1,IND62228
2,IND76373
3,IND57417
4,IND38378
4,IND77256
4,IND53599
4,IND80666
2,IND38255
2,IND65519
1,IND59539
3,IND85074
2,IND67670
4,IND46130
4,IND20451
1,IND78694
3,IND42335
2,IND15060
5,IND19481
5,IND36189
4,IND65594
4,IND17557
3,IND79396
3,IND25908
4,IND47180
3,IND67526
3,IND54629
1,IND96473
4,IND43465
2,IND88769
2,IND69918
1,IND97771
4,IND94851
3,IND53003
4,IND18812
5,IND48530
1,IND85022
5,IND52278
4,IND46035
5,IND88500
4,IND59334
3,IND43447
3,IND89715
5,IND15214
2,IND40338
4,IND51774
1,IND57665
2,IND66976
4,IND40082
5,IND46584
4,IND25515
4,IND66087
1,IND94271
5,IND13684
1,IND19447
1,IND70647
1,IND55928
4,IND49649
2,IND83150
1,IND86236
3,IND23104
1,IND40705
2,IND16827
4,IND61808
5,IND88808
2,IND63102
4,IND12601
1,IND82367
3,IND25359
3,IND18267
1,IND87428
4,IND58778
2,IND40038
2,IND76909
5,IND62606
2,IND51619
2,IND65893
2,IND95530
2,IND89861
1,IND92174
1,IND36400
5,IND16810
2,IND62400
4,IND25291
4,IND94530
5,IND29475
4,IND97275
3,IND73731
2,IND36600
4,IND50412
3,IND77616
5,IND25120
4,IND89792
5,IND15721
1,IND91267
1,IND14935
3,IND49907
5,IND18734
2,IND16744
5,IND19548
1,IND15167
3,IND32618
4,IND93058
3,IND70754
1,IND92418
4,IND92115
4,IND24672
4,IND54908
4,IND37750
1,IND59881
1,IND32319
5,IND58635
3,IND55883
4,IND26855
5,IND89144
2,IND36784
1,IND47240
5,IND34868
5,IND53254
3,IND26959
4,IND13792
3,IND83479
1,IND84488
3,IND36106
4,IND49489
4,IND71209
4,IND33607
1,IND36407
5,IND90197
1,IND21018
5,IND77703
5,IND70508
3,IND35314
1,IND65265
1,IND65658
2,IND28776
3,IND66161
5,IND15278
4,IND22373
2,IND60609
1,IND24232
5,IND89674
1,IND62679
2,IND45614
3,IND35674
2,IND90385
4,IND64752
3,IND48640
5,IND20725
3,IND87256
2,IND65022
1,IND97042
3,IND99554
1,IND75060
3,IND62770
2,IND67268
5,IND57973
5,IND89653
2,IND21489
4,IND30571
2,IND59366
1,IND83619
1,IND67029
5,IND95869
2,IND66671
1,IND86149
5,IND95415
2,IND99553
2,IND73319
3,IND34968
3,IND14715
1,IND16798
2,IND93663
1,IND67391
4,IND96220
3,IND44913
4,IND87824
3,IND46155
2,IND35684
4,IND96387
2,IND83308
2,IND69120
2,IND47860
2,IND13419
4,IND56121
5,IND38822
4,IND58923
5,IND66682
5,IND96115
5,IND40991
4,IND57646
2,IND76683
3,IND69465
4,IND45293
2,IND31182
4,IND43704
2,IND90107
2,IND65206
4,IND97608
3,IND99978
2,IND51034
1,IND77398
1,IND48157
1,IND46455
1,IND52005
3,IND50424
5,IND48222
3,IND48333
3,IND62022
5,IND82740
2,IND48400
1,IND40646
1,IND40950
3,IND37853
3,IND91954
3,IND30253
2,IND82997
3,IND75882
5,IND31953
4,IND69875
5,IND57328
4,IND70068
3,IND57357
4,IND79088
1,IND57637
2,IND94614
4,IND16622
2,IND36995
2,IND86491
1,IND59827
5,IND74969
1,IND21853
2,IND23903
2,IND68777
3,IND81707
3,IND97656
2,IND55034
3,IND96166
3,IND96324
4,IND47674
3,IND70317
1,IND38895
4,IND61906
2,IND91852
1,IND49429
1,IND50848
4,IND25130
4,IND51890
1,IND29870
3,IND24996
1,IND28319
2,IND24921
4,IND97391
4,IND59368
1,IND23354
3,IND29589
5,IND48477
4,IND70337
4,IND69809
4,IND23817
2,IND36692
2,IND39952
4,IND30232
4,IND31886
2,IND16521
1,IND22770
3,IND74369
2,IND31020
2,IND83621
2,IND87099
4,IND68353
4,IND34739
4,IND49852
2,IND15739
2,IND35208
4,IND23172
2,IND89615
5,IND78041
2,IND25027
2,IND70133
1,IND96246
2,IND74738
4,IND94482
5,IND54803
5,IND22264
3,IND66283
1,IND45825
3,IND94895
1,IND66583
3,IND73582
3,IND62295
3,IND39698
4,IND96489
2,IND62970
3,IND53584
4,IND34425
5,IND53485
4,IND40496
5,IND72603
5,IND56984
5,IND31180
2,IND80616
1,IND54495
3,IND88782
2,IND25223
5,IND26937
1,IND14766
2,IND45041
3,IND54922
2,IND89369
1,IND94380
5,IND76782
2,IND44357
1,IND63865
5,IND14540
1,IND20140
4,IND75181
4,IND60750
2,IND40048
4,IND91899
1,IND49097
1,IND30559
5,IND40540
5,IND32711
4,IND71842
5,IND98821
4,IND60303
2,IND21271
1,IND71938
2,IND48166
4,IND35417
4,IND36167
5,IND53489
4,IND46654
2,IND57483
3,IND26697
3,IND21028
5,IND86154
2,IND47039
2,IND18081
4,IND13675
5,IND54772
4,IND61012
5,IND63638
1,IND73710
4,IND93494
1,IND97314
5,IND43915
3,IND62101
1,IND12706
5,IND96211
2,IND99855
3,IND20615
2,IND42387
1,IND51003
1,IND38386
2,IND31075
3,IND29987
3,IND53122
5,IND71679
3,IND96476
2,IND59444
1,IND96722
3,IND91553
5,IND43964
3,IND42604
5,IND80050
4,IND15192
5,IND61862
2,IND32146
5,IND91035
4,IND65273
4,IND34196
4,IND31640
4,IND15111
5,IND22504
5,IND33992
5,IND89837
5,IND39449
3,IND74203
1,IND51348
4,IND66999
2,IND42138
3,IND23112
1,IND93187
1,IND35276
3,IND52692
5,IND92250
3,IND42511
2,IND88769
3,IND34775
5,IND89996
1,IND64241
2,IND87995
1,IND40619
1,IND83760
2,IND70928
3,IND38406
5,IND37475
4,IND46069
5,IND84868
3,IND53486
1,IND18304
2,IND47238
2,IND97355
5,IND77366
4,IND46865
2,IND32633
2,IND37253
1,IND66559
1,IND62312
4,IND59076
5,IND23792
2,IND18657
1,IND55471
5,IND28379
1,IND29049
2,IND22892
2,IND92064
2,IND54924
1,IND87020
5,IND70196
1,IND95448
3,IND68024
5,IND87284
2,IND60030
3,IND88473
2,IND48318
2,IND27796
4,IND91449
5,IND19945
2,IND23675
5,IND27188
3,IND76385
1,IND50214
5,IND86957
1,IND96568
1,IND74432
2,IND71551
2,IND85827
1,IND20637
1,IND37323
5,IND37456
3,IND34064
1,IND47756
2,IND99980
2,IND51488
1,IND20002
2,IND27704
3,IND18899
5,IND40674
3,IND49390
1,IND58018
2,IND31659
5,IND62967
5,IND85018
3,IND15294
2,IND76668
4,IND24384
1,IND20755
5,IND70347
4,IND84219
5,IND30192
4,IND27266
1,IND88327
4,IND27052
1,IND58319
5,IND45051
5,IND12704
5,IND80231
5,IND91902
3,IND86434
5,IND96193
1,IND15796
3,IND98793
5,IND34695
2,IND16655
2,IND18544
5,IND32922
1,IND77237
3,IND26295
4,IND36962
5,IND32434
2,IND23721
2,IND23827
3,IND30551
1,IND27518
5,IND45324
5,IND47775
4,IND64118
4,IND69719
4,IND36598
4,IND91994
1,IND74106
1,IND70950
1,IND48642
4,IND30520
4,IND94062
3,IND89076
3,IND44502
4,IND88994
3,IND64701
2,IND23199
3,IND26254
5,IND26157
4,IND15640
5,IND30423
3,IND96496
5,IND86268
3,IND94102
1,IND89960
4,IND16977
2,IND49418
1,IND90745
1,IND26350
4,IND13447
5,IND52771
1,IND36809
5,IND79287
3,IND28199
5,IND34414
5,IND36046
1,IND96031
1,IND43923
4,IND73608
2,IND31048
5,IND57498
3,IND79604
4,IND53269
2,IND28717
2,IND14040
3,IND33384
4,IND43946
2,IND85232
5,IND43081
3,IND71997
5,IND97485
2,IND50522
2,IND53714
5,IND80089
5,IND62555
1,IND34231
1,IND50427
2,IND93386
1,IND34216
3,IND19004
5,IND68883
4,IND54095
1,IND38266
2,IND20371
5,IND46101
4,IND25443
2,IND87264
5,IND93571
3,IND62324
2,IND78256
5,IND83513
1,IND99892
4,IND80022
1,IND24501
3,IND93719
1,IND19589
4,IND54576
2,IND47226
3,IND33338
1,IND24309
1,IND66827
5,IND40556
5,IND72414
4,IND46652
4,IND40216
