Joined Bank,Client ID
06-05-2019,IND81288
10-12-2001,IND65833
25-01-2010,IND47499
28-03-2019,IND72498
20-07-2012,IND60181
07-02-2019,IND78532
02-06-2002,IND95683
03-11-2000,IND40785
07-04-2015,IND13570
20-11-1995,IND53299
18-10-2014,IND76263
12-09-2005,IND56452
17-03-2018,IND28766
02-01-1996,IND17897
05-06-2020,IND86325
06-01-2021,IND74197
22-06-2014,IND28503
19-01-2020,IND56539
31-03-2019,IND53604
09-03-2009,IND32064
03-04-2020,IND72934
31-12-2015,IND16101
14-01-2013,IND93121
23-05-2021,IND93310
19-09-2021,IND71301
20-03-2013,IND21279
29-01-2014,IND98618
08-01-2018,IND35589
24-05-2005,IND40198
22-08-2016,IND49616
06-04-2013,IND55475
10-12-2020,IND61272
29-05-2021,IND33884
15-02-2021,IND53121
25-09-2017,IND25680
28-11-2017,IND55454
05-03-2014,IND96454
13-12-2005,IND14292
13-01-2012,IND67206
08-11-2006,IND90177
23-12-2001,IND60970
28-02-2020,IND24003
24-01-2008,IND87800
11-12-2006,IND75987
28-08-2016,IND70083
31-01-2020,IND31444
21-07-2021,IND70450
16-03-2020,IND47520
12-11-1996,IND69076
02-01-2007,IND53190
09-01-2018,IND58356
07-04-2009,IND33691
29-09-2008,IND20398
01-01-2007,IND54314
11-12-1999,IND74305
16-04-2015,IND37195
09-07-2005,IND52609
21-04-2006,IND26283
30-08-2012,IND61913
27-09-2006,IND35876
07-11-2003,IND19011
16-02-2018,IND86703
02-04-2018,IND23640
16-04-2010,IND93407
25-09-2019,IND40136
07-01-1999,IND76215
11-02-2012,IND93216
11-04-2007,IND54572
24-03-2019,IND18649
10-09-2016,IND51790
18-06-2011,IND17740
09-08-1995,IND49489
24-08-2021,IND50658
24-09-2014,IND14798
13-12-1995,IND60926
05-11-2003,IND57710
23-08-2007,IND71795
24-01-2020,IND98220
21-02-2019,IND91662
05-11-2002,IND18901
26-01-2003,IND49888
02-01-2010,IND76081
28-10-2020,IND93705
19-06-2015,IND52847
18-09-2007,IND24592
28-01-2012,IND31656
15-02-2006,IND85060
09-07-2014,IND89139
01-03-2009,IND81423
12-09-2018,IND85541
30-10-2014,IND59219
14-11-2018,IND43444
22-07-2019,IND85299
10-01-2020,IND58136
02-11-2012,IND35725
06-01-2005,IND15648
06-06-2019,IND48116
20-08-2001,IND28531
22-02-2011,IND45135
08-11-2016,IND72586
20-10-2021,IND80929
10-05-2004,IND40714
19-12-2004,IND48405
10-12-2008,IND52634
18-05-2020,IND18163
14-12-1996,IND94008
19-05-1996,IND53034
04-04-2021,IND91806
06-12-2015,IND25702
21-08-2003,IND67912
17-06-1996,IND76171
14-02-2020,IND34798
11-11-2016,IND93920
29-01-2021,IND18628
27-11-2006,IND42134
21-04-2001,IND92265
04-08-2021,IND77317
31-07-2011,IND60176
10-07-2008,IND51597
07-08-2004,IND33238
04-06-2021,IND18364
30-01-2017,IND92467
08-03-2011,IND60476
10-08-2000,IND61025
14-04-1999,IND55955
10-09-2018,IND75964
17-04-2001,IND17939
23-08-2021,IND49363
07-08-2003,IND93355
01-01-1999,IND65845
07-06-2005,IND26284
01-11-2021,IND24774
04-01-2002,IND12731
15-12-2003,IND93115
29-10-1996,IND85411
23-09-2006,IND58620
10-12-2002,IND86466
03-11-2016,IND67594
22-12-1999,IND34060
14-05-2015,IND93556
17-08-2011,IND98512
25-02-2003,IND52571
13-10-2010,IND37643
23-07-2020,IND54218
07-09-2020,IND61793
28-11-2016,IND36608
19-07-2005,IND48488
21-12-2020,IND67225
28-06-2015,IND82919
13-03-2013,IND77016
30-05-2011,IND75034
20-01-2000,IND90860
25-09-2019,IND73867
26-06-1995,IND27930
30-08-2019,IND35620
21-06-2007,IND91353
21-06-2018,IND97689
23-10-2005,IND77331
20-03-2015,IND71401
08-09-2002,IND66104
04-01-2012,IND36471
21-06-2012,IND81572
29-11-2012,IND94055
25-01-2018,IND88778
15-12-2001,IND68221
06-11-1995,IND58681
22-08-2018,IND54970
24-06-2003,IND26450
09-06-2017,IND28733
03-10-2013,IND91334
28-04-2021,IND61397
11-05-2004,IND65691
02-07-2019,IND19666
18-04-2000,IND76794
17-09-2011,IND77195
03-09-2018,IND36167
19-04-2002,IND76489
08-11-2008,IND23438
06-09-2012,IND82705
27-04-2021,IND67912
05-03-2019,IND33202
14-04-2021,IND19321
20-01-2019,IND81583
26-05-2015,IND46105
12-11-1996,IND21098
02-08-2002,IND47710
15-07-2003,IND42043
22-12-2012,IND49707
21-11-2019,IND27394
28-05-2020,IND86832
20-03-2004,IND34869
03-05-2007,IND24876
06-02-2001,IND87901
23-09-2008,IND56584
08-11-1996,IND43476
31-05-2011,IND92423
27-01-1995,IND64291
20-01-2015,IND49463
06-09-2021,IND58198
18-09-2013,IND90041
25-04-2020,IND55402
18-01-2009,IND58643
17-05-2006,IND17528
05-06-2021,IND98400
28-08-2009,IND43327
05-10-2002,IND77723
09-07-2003,IND33585
27-04-2018,IND27105
23-02-1996,IND86081
08-04-2020,IND47439
02-12-2018,IND27269
15-03-2009,IND97061
31-01-2001,IND94872
12-11-2020,IND86593
23-05-2008,IND84908
29-06-2010,IND32885
03-12-2012,IND70495
27-01-2005,IND45220
29-01-2008,IND49684
25-12-2017,IND26273
23-12-2004,IND99234
30-06-2019,IND41611
25-11-1999,IND96915
12-10-2020,IND59595
25-04-2009,IND20812
18-02-2009,IND59202
14-07-2002,IND19395
19-01-2001,IND38441
19-02-2006,IND80195
04-08-2014,IND90057
22-03-2005,IND21309
17-04-2021,IND33489
01-05-2011,IND27091
28-09-1996,IND37844
22-09-2017,IND47299
02-10-2007,IND19507
13-11-2006,IND73841
25-03-2018,IND79955
22-10-2017,IND95385
09-01-2012,IND73492
30-08-2014,IND38646
02-07-2020,IND89482
09-11-2014,IND27026
23-02-2004,IND69949
28-04-2013,IND84825
15-04-2020,IND41067
12-01-2011,IND98674
08-11-1999,IND97660
06-05-2020,IND82676
21-12-1996,IND88784
22-07-1996,IND28479
04-01-1996,IND23784
03-07-2020,IND42646
07-10-2006,IND53717
13-07-2006,IND96295
14-11-2018,IND41811
30-01-2019,IND45638
14-09-2007,IND70297
20-03-2019,IND79201
05-03-2015,IND17019
31-03-2005,IND20282
25-02-2002,IND30151
10-11-2005,IND45419
25-01-1996,IND78162
06-12-2012,IND66784
10-03-2020,IND97262
26-08-2020,IND33193
11-07-1996,IND94106
26-07-2008,IND15556
24-09-1999,IND20631
07-03-2004,IND13898
20-04-2014,IND46880
16-04-2014,IND57163
29-07-2003,IND42982
08-06-2018,IND51913
01-05-2010,IND76764
31-08-2020,IND82314
29-03-2003,IND82248
28-11-2003,IND49091
31-12-2021,IND24529
24-11-2018,IND93171
21-08-1999,IND71818
31-03-2014,IND35821
30-07-2002,IND44974
28-07-2014,IND24341
30-07-2018,IND60293
18-01-2001,IND46675
18-02-2000,IND17984
05-03-2018,IND23002
15-06-2020,IND70737
05-03-2014,IND17926
21-12-1999,IND30891
05-03-2017,IND51261
03-10-2012,IND69251
16-11-2020,IND56740
22-03-2021,IND95612
21-03-2014,IND35099
29-05-2007,IND42857
02-10-2009,IND32603
08-04-2014,IND62569
13-03-2012,IND35181
09-08-2009,IND99256
01-04-2020,IND65151
05-05-2012,IND81182
16-02-2006,IND89708
06-07-2015,IND63717
05-12-2021,IND71868
13-04-2001,IND32785
17-03-2009,IND79142
30-01-2020,IND59824
17-08-2018,IND37278
17-06-2019,IND34859
10-09-2003,IND50054
01-02-2007,IND62645
29-01-2021,IND41646
17-03-2011,IND92575
15-12-2007,IND36120
11-12-2007,IND85936
22-01-2015,IND49172
01-10-2011,IND34576
13-09-2013,IND75884
30-09-2002,IND41393
07-05-2001,IND67868
16-12-2010,IND82789
11-01-2012,IND77478
05-06-1999,IND57043
12-11-2015,IND68936
12-04-2015,IND44846
18-12-2020,IND55021
03-06-2018,IND30407
20-12-2020,IND15466
02-03-2007,IND15083
12-03-2015,IND37063
19-11-2000,IND78066
10-08-2019,IND87900
02-05-2019,IND47950
14-04-2001,IND84355
31-12-1996,IND45102
07-12-2010,IND56828
09-03-2005,IND28199
23-01-2015,IND67109
30-10-2005,IND85846
15-10-2004,IND76900
30-09-1996,IND87656
30-06-2018,IND76306
04-05-2013,IND42135
30-08-2017,IND15894
03-06-1995,IND81866
04-06-1999,IND69783
22-11-2009,IND67788
03-03-2020,IND29999
29-07-2013,IND50590
04-02-2018,IND64905
08-08-2014,IND50588
03-01-2000,IND24058
29-04-2020,IND87992
29-07-2014,IND90735
05-03-2021,IND18126
08-06-2006,IND95672
03-02-2010,IND59778
07-08-2005,IND74622
02-12-2021,IND40781
28-07-2007,IND39173
29-05-2003,IND41835
28-12-2014,IND13004
03-08-2008,IND69109
13-07-2002,IND95810
16-02-1999,IND81099
10-11-2010,IND76632
22-09-1996,IND55460
23-05-2008,IND64186
25-07-1995,IND65738
29-08-2013,IND38016
03-11-2018,IND97456
01-01-2020,IND94167
20-01-1999,IND54473
30-05-2021,IND32547
02-06-2012,IND78611
08-12-2011,IND15955
26-09-2010,IND15581
29-09-2013,IND29679
09-10-2004,IND30445
24-04-2009,IND90272
20-10-2021,IND25035
17-02-2015,IND25593
14-09-2000,IND79190
02-10-2000,IND31341
04-08-2005,IND49233
02-12-2020,IND82834
12-09-2013,IND64549
11-03-2002,IND63160
09-03-1996,IND99412
26-11-2017,IND41977
03-08-2020,IND54849
31-10-2020,IND73662
05-11-2003,IND58104
12-01-2009,IND42259
25-01-2013,IND96983
16-12-2001,IND15092
29-11-2016,IND52181
18-08-2018,IND14614
16-09-2008,IND75661
31-03-2003,IND63878
07-08-2000,IND60682
12-06-2002,IND71119
18-06-2013,IND31796
13-11-2017,IND15290
25-07-2013,IND69222
18-07-2018,IND41761
07-05-2020,IND65488
31-10-2021,IND99221
06-05-2003,IND71359
11-09-2019,IND82515
09-04-2000,IND85958
03-02-2020,IND68750
11-08-2018,IND91822
28-11-2015,IND80931
28-09-2009,IND20616
12-03-2020,IND59654
12-04-2018,IND56699
02-03-2005,IND45574
05-01-2002,IND46000
27-05-2007,IND72516
31-05-2015,IND35302
23-08-2019,IND80068
12-06-2002,IND53480
06-01-2018,IND88872
02-05-2009,IND66621
02-10-2020,IND29174
05-09-2020,IND98830
30-10-2020,IND34318
18-07-2006,IND95108
11-05-2008,IND21281
22-08-1999,IND86574
03-06-2013,IND25843
27-10-2019,IND15764
08-03-2006,IND70765
23-05-2021,IND88371
29-08-2020,IND28842
19-02-2000,IND90911
02-09-2020,IND52021
22-06-2021,IND71090
17-04-2019,IND60722
06-06-2001,IND77027
16-09-2018,IND45186
30-01-2004,IND84015
12-02-1996,IND66550
12-03-1996,IND35051
14-03-2004,IND91538
27-05-2008,IND30644
06-04-2020,IND78937
28-11-2005,IND25670
03-06-2015,IND58212
21-02-2021,IND74531
03-01-1999,IND49953
17-04-2000,IND88814
04-08-2020,IND49516
08-07-2015,IND17543
25-01-2001,IND54739
25-05-2019,IND70122
02-12-1996,IND53005
10-10-2015,IND99246
27-09-2012,IND79699
16-11-2009,IND81435
28-06-2018,IND44710
15-03-2018,IND69069
15-03-2002,IND94927
30-05-2003,IND21170
24-12-2020,IND28755
23-08-2005,IND29416
25-04-1995,IND61034
14-08-2000,IND78545
20-07-2020,IND98856
27-02-2016,IND76287
01-04-2016,IND45303
06-11-2005,IND35316
23-03-2004,IND84401
21-07-1996,IND49213
26-08-2007,IND97338
27-09-2020,IND76090
11-06-2018,IND92942
15-01-2018,IND90141
26-07-2003,IND59125
02-09-1996,IND46331
15-10-1995,IND25095
09-10-2006,IND87283
10-08-2008,IND96588
05-09-2021,IND44048
08-07-2008,IND73301
26-06-2000,IND15363
03-04-2019,IND28655
21-07-2011,IND71338
21-12-2012,IND18100
16-01-2002,IND35375
20-04-2005,IND77446
04-02-2014,IND57619
16-06-2005,IND32973
03-10-2003,IND91469
06-11-2014,IND66158
20-11-2002,IND79633
10-08-2019,IND24344
28-07-2018,IND54434
06-02-2012,IND38076
16-03-2002,IND78584
18-12-2001,IND42885
01-10-2008,IND61947
25-08-2002,IND22902
14-06-2017,IND36415
07-05-2002,IND17053
15-09-2012,IND93602
21-08-2009,IND87324
07-06-2001,IND86489
29-01-2015,IND33219
06-05-2005,IND92525
16-09-2000,IND57611
30-09-2018,IND33962
14-05-2020,IND25477
04-04-2011,IND21399
22-02-2013,IND51180
04-02-2007,IND34917
09-11-2017,IND99500
16-01-2006,IND27808
06-07-2012,IND68013
27-12-2009,IND73002
07-01-2013,IND91167
02-11-2015,IND19266
11-02-2004,IND41224
23-05-2006,IND70122
13-09-2007,IND21599
25-12-2004,IND47190
21-08-2014,IND84384
10-02-2019,IND18979
02-07-1999,IND49334
14-07-2016,IND13115
15-08-2020,IND61086
31-05-2019,IND50034
04-09-2021,IND94544
10-12-2018,IND96395
03-10-2021,IND50912
07-10-2009,IND83055
05-07-2010,IND97304
25-07-2005,IND66871
07-05-2006,IND50172
17-06-2003,IND25256
16-03-2005,IND35349
01-01-2019,IND18663
18-08-2007,IND44333
01-05-2018,IND78750
08-04-2019,IND51161
13-04-2018,IND76383
21-11-2016,IND14845
23-05-2003,IND20426
21-05-2006,IND76186
15-11-2020,IND35748
13-10-2020,IND55295
22-11-2016,IND77847
30-06-2020,IND89099
07-03-2010,IND75515
14-06-2013,IND72150
13-04-2001,IND77948
26-12-2008,IND46116
27-11-2015,IND92008
04-07-2019,IND32087
08-04-2002,IND16848
05-02-2010,IND95525
20-03-2007,IND17508
26-10-2013,IND56276
04-02-2012,IND39354
15-02-2009,IND27001
02-06-2013,IND73045
04-07-2019,IND99269
23-12-2010,IND90516
27-10-2020,IND54595
23-02-2010,IND81069
17-01-2002,IND87002
05-05-2015,IND26303
07-12-1999,IND47408
13-05-2020,IND24335
05-12-2014,IND76682
10-04-1996,IND95974
04-04-2005,IND93947
16-03-2008,IND14471
11-10-1996,IND88703
03-02-1996,IND47036
15-07-2012,IND38886
01-05-2000,IND20053
31-08-2012,IND47894
15-10-2005,IND88607
02-07-2009,IND91152
04-10-2021,IND53812
01-04-2010,IND96437
15-04-2013,IND40105
03-02-2019,IND54599
19-03-2003,IND31887
20-09-2021,IND54112
16-11-2003,IND75973
04-07-1995,IND67265
21-04-2020,IND92210
19-04-2007,IND37311
11-10-2020,IND93006
03-10-2007,IND50691
13-07-2013,IND60221
04-11-2003,IND50457
08-08-2020,IND61531
21-05-2019,IND55634
23-10-2006,IND73340
04-01-2001,IND36571
08-12-1996,IND48638
11-05-2010,IND17470
15-06-2019,IND90409
18-03-2013,IND37142
04-02-2008,IND88367
09-06-2004,IND58182
18-01-2016,IND35165
29-09-2011,IND24057
18-09-1999,IND73753
01-10-2021,IND23130
10-06-2004,IND49045
08-02-2002,IND15747
09-11-2004,IND20560
24-10-2000,IND89128
05-08-2020,IND66207
12-10-2020,IND40294
08-04-2002,IND90506
14-06-2020,IND82575
04-08-2015,IND22602
22-11-2006,IND32945
15-10-2020,IND24180
29-10-2007,IND43809
26-06-2021,IND86910
28-08-2010,IND17854
22-04-2009,IND82540
30-08-1999,IND26234
22-04-2013,IND38793
12-01-1996,IND49322
01-03-2016,IND86286
20-12-2014,IND92223
28-03-2003,IND68280
05-07-2007,IND87450
05-06-2017,IND51266
04-12-2021,IND68515
17-04-2020,IND22846
31-01-2019,IND70559
25-12-1999,IND58661
03-08-2015,IND23121
30-10-2020,IND75610
26-05-2011,IND96933
13-06-2001,IND59583
17-10-2012,IND64445
21-03-2005,IND16141
13-05-2008,IND16245
17-12-2014,IND51347
14-03-2019,IND74826
14-01-2008,IND49841
24-08-2010,IND92294
26-01-2010,IND13248
31-10-2008,IND78119
24-05-2021,IND45023
13-12-2021,IND25976
14-03-2015,IND39108
28-02-2017,IND16958
13-06-2012,IND26204
01-11-2000,IND99025
18-07-2015,IND54417
15-12-1995,IND76613
05-10-2006,IND77083
05-01-2014,IND65802
09-07-2020,IND80061
07-05-2010,IND68708
13-02-2007,IND90486
24-06-2020,IND78396
04-05-2009,IND80646
26-05-2013,IND61166
25-11-2020,IND64879
26-10-1999,IND59415
16-02-2000,IND97044
21-10-2008,IND68021
25-11-2006,IND72946
03-01-2000,IND58634
26-10-2015,IND50985
10-10-2001,IND23452
08-09-1996,IND77117
20-09-2020,IND19327
12-08-2009,IND96247
06-06-2011,IND40048
12-06-2001,IND29312
15-06-1995,IND91194
21-07-1996,IND29701
06-01-2008,IND76758
23-08-2009,IND80021
05-03-2011,IND90597
16-04-1999,IND36038
14-08-2019,IND65968
20-03-1996,IND22142
10-06-2009,IND32126
02-09-2000,IND55096
25-09-2007,IND62447
02-04-2015,IND68508
22-09-2019,IND69834
07-07-2012,IND45589
16-12-2002,IND64345
23-10-2020,IND77099
10-07-2005,IND23075
10-07-2014,IND95786
22-11-2000,IND30950
18-12-1999,IND22467
05-09-1996,IND61104
18-05-2009,IND31340
11-11-2008,IND97227
14-04-2005,IND51772
05-03-2009,IND97733
03-09-2002,IND94420
17-02-2020,IND23132
15-03-2000,IND37935
09-06-2006,IND82385
01-01-2017,IND70540
11-04-2020,IND64051
02-11-2013,IND29216
20-02-2012,IND50658
27-07-2003,IND98869
03-02-2007,IND26568
10-09-2006,IND21009
29-10-2009,IND21838
01-08-2006,IND17701
20-08-2016,IND95185
21-02-2011,IND99321
29-05-2013,IND93185
20-07-2006,IND43584
09-10-2018,IND19265
18-06-2005,IND81391
08-10-2007,IND31357
07-05-2016,IND73056
26-07-2017,IND70935
30-04-2013,IND52716
31-07-2005,IND22605
01-11-2021,IND55690
02-11-2019,IND13395
02-11-2018,IND51390
11-08-2001,IND45563
05-04-2001,IND39191
14-03-2013,IND15088
02-09-2021,IND36682
04-11-2015,IND52986
13-11-2003,IND61440
18-12-2012,IND99015
13-10-2009,IND54373
17-10-2006,IND87901
28-08-2010,IND64411
04-11-2005,IND51179
29-03-2020,IND74150
21-04-2010,IND71806
21-04-2018,IND92305
05-03-2017,IND50530
23-11-2004,IND23766
07-11-2011,IND51999
07-08-2010,IND74286
25-08-2001,IND96410
31-03-2010,IND19975
03-01-2017,IND33502
10-01-2019,IND66341
03-11-2012,IND70050
01-10-2020,IND96601
02-06-2019,IND95215
13-11-2006,IND77741
13-12-1996,IND80280
12-09-2003,IND41934
04-12-2002,IND90650
17-06-2013,IND94273
03-05-2003,IND44029
16-11-2020,IND45063
18-03-2005,IND70183
16-12-2003,IND35875
01-04-2019,IND75766
29-01-2019,IND52274
10-12-1996,IND25512
04-08-2006,IND85958
17-09-2002,IND24266
13-06-2019,IND19846
20-09-2013,IND93267
03-10-2018,IND80594
26-03-2004,IND80690
31-12-2016,IND13801
23-03-2020,IND80847
13-08-2000,IND56469
14-09-2020,IND96719
11-04-2020,IND69161
07-11-2007,IND63563
11-03-2012,IND33616
06-10-2000,IND61446
19-03-2001,IND71063
07-03-2021,IND41653
16-12-2001,IND82371
17-01-2001,IND75420
19-06-2016,IND95008
10-04-2019,IND56438
05-04-2012,IND62378
17-03-2019,IND84180
08-12-2004,IND69349
27-10-2001,IND65968
02-12-2008,IND83086
28-02-2013,IND70927
07-02-2004,IND71808
03-02-2020,IND17448
30-04-2018,IND24125
13-02-2021,IND96154
13-03-1995,IND35689
02-06-2011,IND28975
11-01-2020,IND39526
24-10-2005,IND96775
22-11-1995,IND90131
28-10-2017,IND68422
28-10-2014,IND34367
21-03-2018,IND56930
22-10-1995,IND47675
02-07-1995,IND91448
09-09-2019,IND37820
09-06-2005,IND25754
08-03-2008,IND50610
05-10-2015,IND26467
21-03-2012,IND73333
01-06-2011,IND69547
25-01-2019,IND14819
09-11-2012,IND43846
14-03-2019,IND50683
28-06-2020,IND70906
21-12-2021,IND57481
11-12-2021,IND59872
18-01-2006,IND29699
13-10-2003,IND74437
27-05-2021,IND72103
18-07-2006,IND49677
27-09-2019,IND68590
01-02-2007,IND42163
14-03-2013,IND25041
08-03-2020,IND32204
21-11-2017,IND94129
29-11-2020,IND68054
16-09-2015,IND98980
13-11-2008,IND77041
14-09-2021,IND56058
15-01-2006,IND89708
16-02-2015,IND71190
16-09-2009,IND70757
18-09-1999,IND15919
27-11-2017,IND59154
06-01-2021,IND25459
27-05-2018,IND29817
18-01-2008,IND82819
29-10-2005,IND48072
24-04-2001,IND36436
08-11-2020,IND85558
14-07-2011,IND21262
16-09-2003,IND25060
29-10-2016,IND50748
25-08-2013,IND53747
09-08-2008,IND17734
09-04-2004,IND92033
12-04-2019,IND52344
12-09-2000,IND75455
02-06-2016,IND69891
10-10-2020,IND42851
10-02-2016,IND74794
11-01-2020,IND55441
07-10-2009,IND97245
19-03-1996,IND80718
10-03-2016,IND60540
04-02-1996,IND84388
02-07-2003,IND73711
25-09-2020,IND70721
22-04-2006,IND91832
26-07-2019,IND95921
19-02-2005,IND94561
29-06-2014,IND38595
06-07-2016,IND31346
26-04-2007,IND70209
12-08-2001,IND27981
23-09-2000,IND79163
25-12-2000,IND59205
15-07-2012,IND84529
18-07-2007,IND63017
20-12-2006,IND24293
04-01-1999,IND94962
26-05-2002,IND35866
26-12-2010,IND55044
01-06-2002,IND94695
08-03-2002,IND28537
28-10-2003,IND85021
11-01-2008,IND29986
03-03-2014,IND86878
31-05-2021,IND60465
20-02-2018,IND73125
23-11-2016,IND98233
14-12-2002,IND68679
01-02-2014,IND14562
19-11-1995,IND96926
09-11-2016,IND40602
23-12-2018,IND47214
05-02-2007,IND71720
04-10-2009,IND56484
06-05-2003,IND53058
08-05-2009,IND95957
03-01-2002,IND38845
11-02-2021,IND99278
08-03-1995,IND26586
11-12-2014,IND66416
25-01-2020,IND38924
30-03-2001,IND36717
16-01-2020,IND73287
16-10-2018,IND21305
23-05-2015,IND86054
05-07-2009,IND94339
12-05-2005,IND24875
20-08-2021,IND77399
19-04-1995,IND32150
31-12-2016,IND22235
07-06-2011,IND89957
21-12-2004,IND95344
26-02-2010,IND60238
25-12-2014,IND63877
28-12-2005,IND46444
15-12-2007,IND90967
25-05-2019,IND62715
15-07-2013,IND22819
30-04-2008,IND30005
04-10-2013,IND56267
07-01-1999,IND90914
16-05-2016,IND12887
15-03-2002,IND32576
27-06-2004,IND64632
11-04-2007,IND39451
14-06-2002,IND93338
10-04-2018,IND34903
14-11-2012,IND48107
03-07-2010,IND52066
15-06-1996,IND13323
09-09-2004,IND73501
02-07-2018,IND33792
25-06-1996,IND74791
07-06-2009,IND27672
11-03-2005,IND67115
13-11-2014,IND52289
07-04-2019,IND43149
03-08-2013,IND72913
11-01-2016,IND14852
06-04-2001,IND68011
14-07-2011,IND91231
07-12-2005,IND14605
22-09-2013,IND41281
25-10-2008,IND18810
06-10-2019,IND82994
25-09-1996,IND91436
04-01-2017,IND26113
21-09-1996,IND52376
30-03-2016,IND39963
31-10-2004,IND69382
27-11-2018,IND42846
19-04-2001,IND84870
03-12-2005,IND66083
08-02-2005,IND79353
27-08-2007,IND32172
06-07-2018,IND81046
27-09-2010,IND32055
10-06-2019,IND77434
25-06-2020,IND21979
25-09-2002,IND93882
22-02-2012,IND68640
09-11-1995,IND26629
09-07-2019,IND19405
05-12-2008,IND63706
09-10-2017,IND32364
25-02-1995,IND13011
30-07-2008,IND99653
22-09-2013,IND76462
15-12-1996,IND42541
17-09-2001,IND33915
25-05-1999,IND79409
16-08-2016,IND31656
26-05-2014,IND78167
18-06-2014,IND70365
22-09-2018,IND86656
22-05-2011,IND31800
12-05-2015,IND33945
06-01-2008,IND93906
12-12-2000,IND15455
02-12-2018,IND94086
26-04-2000,IND60533
18-12-2009,IND95299
26-10-2020,IND52037
01-09-2017,IND58836
27-02-2015,IND52119
09-09-2019,IND47625
24-01-2019,IND85850
27-06-2017,IND44531
08-07-2011,IND30404
30-08-1996,IND66163
25-10-2014,IND17019
15-09-2003,IND50174
15-08-2014,IND25709
02-08-1999,IND65408
11-07-2003,IND85664
03-05-2021,IND16777
19-04-2021,IND67420
04-09-2003,IND50127
22-01-2005,IND86179
21-10-2012,IND85625
27-10-2006,IND21371
26-06-2005,IND78463
25-04-2021,IND90097
27-02-1995,IND91317
04-12-2021,IND61281
12-11-2005,IND72001
12-12-1999,IND53908
13-02-2010,IND38662
20-08-2000,IND25143
06-06-2020,IND84955
26-08-1999,IND60929
25-08-2003,IND76718
20-04-2020,IND17839
13-07-2019,IND70507
01-12-2018,IND60309
24-08-2005,IND57420
28-01-2007,IND73620
20-09-2013,IND18821
16-04-2000,IND65162
09-07-2012,IND78069
17-08-2003,IND15365
22-09-2006,IND29462
19-02-2020,IND22756
23-03-2013,IND83694
14-04-2020,IND35322
01-12-2011,IND55869
22-07-2020,IND56377
29-10-2020,IND15988
28-01-2011,IND73374
09-04-2020,IND21502
28-06-1995,IND29427
17-07-2009,IND71580
19-03-2003,IND91691
04-11-2001,IND45315
23-12-1996,IND93375
19-08-2002,IND20160
15-10-2010,IND21443
27-01-2020,IND76903
28-11-2012,IND33223
15-06-2002,IND31198
11-12-2011,IND81185
31-07-1999,IND78244
22-04-2000,IND34087
04-09-2016,IND35800
18-07-2019,IND67659
21-10-1996,IND52398
20-01-2010,IND70396
02-05-2017,IND72422
11-09-2016,IND67727
21-10-2014,IND94062
08-07-2016,IND16568
17-09-2014,IND42280
02-06-2008,IND55262
23-11-2012,IND24725
18-12-1999,IND41923
26-05-2001,IND98787
27-02-2020,IND34623
15-10-2009,IND99131
20-06-2008,IND65458
02-07-2012,IND96867
17-06-2020,IND31097
16-11-1996,IND71984
20-01-2008,IND19583
16-05-2001,IND26127
26-10-2019,IND15735
22-01-1995,IND35589
25-11-2012,IND48252
27-06-1995,IND28622
07-09-2019,IND26976
09-01-2009,IND55010
23-10-2003,IND27334
27-02-2013,IND88663
21-04-2002,IND51758
27-09-2015,IND87441
10-06-2017,IND68843
11-06-2014,IND94313
29-05-2015,IND15955
23-05-2014,IND98364
03-06-1996,IND85031
03-07-1995,IND95645
15-01-2021,IND59038
20-03-2001,IND24649
08-08-2001,IND73983
02-11-2007,IND60147
02-08-2021,IND43511
13-10-2005,IND21887
23-10-2019,IND77252
29-12-2021,IND87256
06-08-2020,IND48208
20-06-2021,IND33951
13-02-2005,IND71913
20-10-2006,IND32579
21-02-2008,IND96364
06-06-2017,IND84055
09-04-2016,IND59380
25-01-2013,IND28522
29-08-2013,IND80461
24-09-2016,IND62950
10-12-2004,IND88639
26-02-2012,IND64775
18-08-2018,IND58749
29-12-2001,IND63712
28-10-2000,IND38974
03-05-2012,IND27949
27-09-2006,IND48913
05-07-1996,IND38755
27-11-2010,IND36748
20-01-2008,IND25425
30-03-2003,IND18504
25-03-2008,IND90888
17-03-2006,IND19493
03-08-2019,IND31435
20-06-2010,IND72147
23-07-2004,IND86610
25-05-2021,IND21504
30-12-2002,IND79743
24-10-2004,IND48435
27-04-2003,IND78342
16-11-2007,IND44023
13-10-2012,IND40901
14-04-1995,IND13219
25-07-2006,IND48902
11-01-1999,IND34748
29-02-2016,IND33562
21-10-2006,IND75139
14-11-1995,IND27653
01-09-2019,IND64098
27-09-2014,IND70565
04-10-2015,IND48103
22-06-2016,IND53609
14-12-2014,IND86089
29-01-2009,IND76695
23-08-2001,IND97632
01-12-2020,IND72949
25-10-2004,IND70877
07-06-2021,IND15767
08-08-2005,IND97246
30-10-2000,IND33304
22-03-1995,IND71718
10-08-2008,IND39571
28-05-2004,IND56175
03-04-1996,IND87362
05-12-2012,IND51423
11-01-2005,IND46502
28-12-2009,IND44199
07-10-2001,IND31246
04-06-2018,IND80498
17-04-2011,IND49142
16-10-2011,IND50904
11-02-1996,IND76572
03-09-2015,IND32423
17-07-2003,IND38977
28-11-2007,IND41707
04-01-2014,IND70193
17-09-2004,IND87876
09-01-2021,IND47890
21-10-2015,IND35744
19-10-2004,IND47623
06-10-1995,IND36468
25-10-2003,IND56605
19-10-2007,IND30713
21-07-2020,IND21229
16-10-2002,IND87062
12-05-2021,IND99910
02-06-2017,IND37041
23-09-2005,IND52657
19-08-2016,IND38321
17-03-2019,IND43916
31-07-2006,IND46447
21-08-2005,IND84755
28-03-2012,IND45303
18-11-1999,IND84825
30-11-2012,IND22385
29-05-1996,IND57724
10-06-2017,IND96098
07-12-2003,IND45192
21-04-2003,IND87243
11-02-2021,IND47130
15-03-2021,IND35064
02-07-2016,IND91327
15-07-2007,IND31787
04-02-2002,IND73969
21-01-2018,IND45185
13-05-2017,IND73287
28-10-2012,IND70814
30-09-1996,IND24037
13-05-2009,IND15396
25-02-2015,IND23636
29-10-2001,IND46502
28-06-2007,IND26451
28-01-1996,IND66679
25-01-2005,IND65897
21-06-2021,IND52886
28-07-2020,IND66931
22-04-2010,IND50563
09-06-2015,IND82494
22-04-2005,IND32752
14-09-2021,IND60228
19-10-2009,IND31493
08-02-2021,IND16745
11-05-2017,IND96019
16-03-2015,IND31862
27-06-2020,IND91417
22-12-2021,IND21808
17-06-1995,IND72909
15-04-1999,IND59364
07-04-2019,IND68800
24-09-2013,IND19308
02-02-2020,IND50968
14-11-2020,IND60474
02-12-2002,IND19117
23-05-2002,IND66918
27-05-2013,IND59407
17-11-2011,IND40471
19-11-2015,IND85041
11-01-2021,IND48176
21-09-2017,IND37683
16-09-2013,IND99006
03-03-2000,IND38675
28-08-1999,IND83783
24-07-2013,IND88284
18-07-2020,IND21526
17-06-1995,IND70008
09-12-2015,IND90240
17-06-2021,IND51766
18-10-2008,IND29470
10-05-2021,IND23054
01-06-2021,IND59974
29-12-2013,IND65635
10-02-2016,IND65600
02-07-2012,IND53125
25-07-2006,IND13509
18-04-2018,IND95651
19-06-2006,IND63200
23-02-2011,IND81613
31-12-2020,IND60956
21-09-2000,IND13711
03-07-1995,IND62222
04-12-1995,IND59714
13-07-2004,IND48103
14-01-2002,IND47424
22-04-1999,IND84942
07-06-1995,IND79115
27-05-2007,IND98898
31-01-1996,IND27181
23-01-2016,IND33470
03-01-2010,IND67270
22-08-2020,IND42900
16-12-2002,IND54363
03-07-2014,IND46401
25-12-2018,IND29266
21-04-2016,IND88950
12-09-2017,IND54504
27-03-2011,IND90241
08-10-2020,IND49190
12-07-2006,IND33984
15-06-2000,IND51947
05-03-2018,IND97419
17-10-2005,IND50993
24-01-2020,IND67880
03-03-2010,IND29107
20-11-1996,IND38710
06-04-2020,IND18498
07-01-2019,IND26008
29-01-2017,IND69939
10-01-2011,IND17524
28-09-2020,IND62351
18-09-2001,IND62889
27-05-1995,IND88021
26-12-2002,IND36235
07-12-2020,IND71573
07-02-2001,IND35926
04-07-1995,IND13753
10-09-2014,IND46745
03-08-2016,IND86610
19-04-2015,IND47886
04-04-2004,IND90885
01-04-2005,IND22904
13-04-2001,IND82060
18-08-2007,IND49261
18-07-2003,IND57999
27-05-2003,IND54797
28-04-2020,IND33629
15-03-2020,IND74667
02-04-2008,IND13486
01-07-2019,IND27626
10-11-2020,IND94410
10-08-2001,IND63836
24-10-2001,IND78028
22-08-1999,IND22081
22-06-1995,IND93388
26-02-2004,IND54286
10-03-2015,IND78943
21-08-2012,IND36951
07-04-1995,IND17798
27-07-2004,IND46044
22-01-2020,IND43480
28-10-2005,IND83407
16-06-2014,IND80089
26-03-2012,IND63136
03-11-2000,IND14347
06-05-2012,IND38794
25-02-2003,IND19657
20-11-2000,IND62031
04-07-2013,IND62007
19-12-2017,IND47000
02-12-2020,IND88064
09-11-2009,IND36864
15-08-2004,IND56480
19-05-2021,IND66163
23-11-2017,IND44689
08-02-2006,IND59059
03-11-1999,IND73185
01-01-2012,IND50404
19-05-2007,IND98223
13-02-1999,IND76462
01-08-2006,IND33553
08-12-2013,IND65980
02-08-1996,IND33495
14-08-2020,IND84144
20-03-2004,IND67150
16-02-2012,IND79483
31-03-2008,IND21788
16-06-2006,IND54719
26-09-1995,IND21106
21-04-1999,IND30260
14-05-2004,IND53757
01-05-2015,IND65418
05-08-2011,IND40870
18-02-1995,IND99607
26-10-2002,IND93836
29-04-2014,IND97223
24-01-2011,IND35919
08-03-2014,IND39837
07-06-2009,IND81606
26-04-2001,IND30766
25-01-2009,IND41873
26-05-2013,IND99374
09-08-2011,IND42481
07-03-2002,IND13907
11-07-2018,IND79745
24-05-2010,IND45732
12-01-2006,IND45344
02-11-2014,IND64096
14-07-1999,IND37064
31-03-2017,IND46886
02-01-2006,IND94600
28-10-2014,IND42408
15-09-2006,IND95576
29-06-2008,IND87787
19-10-2000,IND44084
30-12-2020,IND86710
10-05-2015,IND43909
29-03-2005,IND20927
21-12-2003,IND57563
29-01-2012,IND17254
01-07-2000,IND98826
23-02-2002,IND76028
02-02-1999,IND41655
23-01-2020,IND75932
15-05-1995,IND86705
20-07-2010,IND79787
03-09-2001,IND62595
03-02-2019,IND25773
05-10-2021,IND46155
09-02-1999,IND96756
18-08-2018,IND85245
31-10-1999,IND21386
16-03-2017,IND65402
07-04-2005,IND42622
01-07-2014,IND83775
16-05-2003,IND14543
27-08-2012,IND54095
22-07-2007,IND19003
19-11-2019,IND86759
07-12-2003,IND56173
23-04-2010,IND61687
27-01-1996,IND57908
20-09-2008,IND69220
05-10-2021,IND95487
24-08-2002,IND92968
07-02-1995,IND62985
11-05-2008,IND41456
05-07-2015,IND63334
02-08-2015,IND32903
03-08-2010,IND34986
02-03-2021,IND72265
13-10-2004,IND64873
02-03-1996,IND30612
12-10-2011,IND56739
13-08-2007,IND71679
16-11-2021,IND69386
27-09-2007,IND30675
07-09-2001,IND37613
19-03-2020,IND32828
21-04-2010,IND59220
14-08-2020,IND25922
20-05-2012,IND92034
06-04-2004,IND33307
13-11-2019,IND25691
12-04-2018,IND69736
30-10-2021,IND65318
16-10-2020,IND83499
15-03-2021,IND74300
14-05-2008,IND47852
22-10-2006,IND43367
20-08-2009,IND84211
27-02-2020,IND27091
11-07-2012,IND84197
02-06-2007,IND97134
19-09-2002,IND68544
11-09-2013,IND96321
04-10-2015,IND94055
12-01-2019,IND48964
13-10-2021,IND28345
05-12-2002,IND93272
03-08-2012,IND58727
07-02-2005,IND47871
10-05-2002,IND24899
06-09-1995,IND58197
04-02-2004,IND59695
20-10-2018,IND29786
22-06-2003,IND59107
16-03-2009,IND37582
20-09-2001,IND72283
21-02-2000,IND74203
17-12-2006,IND50994
26-01-1999,IND58185
27-08-2010,IND43545
14-04-2017,IND83063
10-07-2020,IND15980
13-03-2008,IND35484
22-08-2021,IND79472
14-05-1995,IND93672
03-05-2020,IND88113
11-10-2020,IND53799
06-09-1999,IND41887
02-10-2020,IND88761
23-06-1999,IND40435
14-12-2020,IND56106
13-11-2013,IND41735
19-11-2000,IND90777
05-07-2002,IND51577
24-01-2019,IND80436
21-09-2012,IND79704
22-03-2016,IND15664
03-08-2009,IND94938
11-05-2009,IND80870
22-01-2014,IND58524
22-01-2019,IND73247
20-09-2006,IND49380
16-11-1995,IND32752
19-04-2018,IND79491
26-10-2013,IND52559
03-11-2014,IND94127
27-02-2013,IND59774
04-05-2012,IND61218
09-03-2010,IND28314
05-02-2015,IND76099
27-06-1996,IND58197
23-07-2007,IND79892
01-06-2004,IND39781
04-08-2017,IND35995
04-12-2012,IND42566
23-08-2002,IND31753
21-02-2002,IND53894
27-04-2000,IND56621
14-03-2007,IND76021
14-12-2007,IND17070
29-04-2001,IND37670
04-12-2018,IND45617
01-02-2019,IND47563
09-09-2020,IND46352
29-01-2008,IND52499
16-04-1995,IND64778
23-08-2021,IND83362
26-11-2014,IND30786
11-08-2004,IND20476
20-12-2004,IND69060
28-11-2004,IND17931
07-05-2000,IND56891
23-01-2006,IND37323
15-06-2021,IND17259
20-06-2016,IND24069
22-06-2005,IND70868
08-10-2014,IND94996
01-04-2015,IND92018
03-03-2002,IND40311
14-08-2021,IND22076
04-10-2008,IND88518
25-10-2009,IND67149
31-08-2013,IND94783
07-09-2006,IND28381
18-01-2019,IND19580
30-08-2019,IND96087
27-06-2005,IND38737
22-04-2001,IND38628
06-02-1995,IND47104
07-12-1999,IND35485
29-03-2018,IND89040
13-11-1999,IND41722
19-02-2005,IND34939
03-03-2014,IND15036
01-05-2013,IND80720
05-05-2017,IND35191
07-12-2005,IND83420
30-07-1995,IND67155
14-03-2015,IND53173
25-04-2016,IND15625
19-02-2002,IND33337
10-02-2007,IND40896
06-05-2014,IND71163
23-06-2006,IND78424
17-09-2019,IND41219
28-05-2016,IND62450
24-11-2013,IND67674
20-04-2014,IND14696
03-04-2012,IND39582
18-07-2005,IND55512
03-01-2001,IND58447
27-11-2004,IND66908
19-02-2000,IND93572
20-08-2005,IND70604
16-01-2007,IND28563
20-01-2002,IND44786
12-02-2021,IND79851
02-08-2001,IND24079
28-08-2010,IND15798
26-04-1996,IND37241
04-11-2005,IND86966
10-09-2007,IND71164
02-09-2011,IND40932
11-10-1996,IND96715
13-10-2000,IND50507
25-05-2013,IND38878
17-06-2002,IND59922
10-07-2007,IND32848
23-09-2020,IND22297
22-11-2017,IND17713
01-11-2000,IND25396
25-12-2010,IND15088
27-05-1999,IND24185
11-11-2016,IND13182
09-10-2007,IND57459
17-10-2012,IND60265
12-12-2014,IND98600
08-02-1996,IND56505
10-04-1999,IND24188
21-06-2011,IND66753
18-11-1996,IND31161
02-12-2013,IND74796
12-02-2007,IND18529
25-03-2002,IND45403
30-11-2015,IND57142
28-01-2017,IND45470
19-01-2015,IND69975
08-01-2015,IND22525
25-03-2011,IND15624
19-11-2018,IND85067
14-07-2020,IND53006
16-05-1995,IND52186
22-04-2011,IND99691
15-10-2010,IND35211
05-08-2020,IND54677
17-09-2021,IND75463
17-03-2006,IND54309
19-06-2017,IND32424
29-03-2011,IND64425
29-03-2000,IND63920
22-01-2018,IND57702
04-10-2020,IND50366
29-12-2021,IND35560
03-12-2021,IND97501
06-05-2014,IND50411
03-10-2007,IND76102
16-12-2009,IND56074
01-09-1999,IND27011
16-05-2019,IND48221
23-09-2005,IND45884
09-01-2011,IND16593
03-05-2018,IND32999
02-12-2013,IND39671
22-11-2013,IND65149
04-12-2017,IND87267
08-08-2019,IND69610
13-09-2005,IND80344
30-12-2003,IND38207
18-02-2020,IND79637
09-04-2012,IND29921
27-04-2021,IND59198
29-09-2017,IND19422
22-11-2019,IND54707
22-02-2006,IND20608
06-10-2015,IND98943
28-05-1996,IND61538
13-06-2017,IND78351
06-01-2009,IND46289
05-01-2012,IND16285
22-11-1999,IND85859
10-10-2009,IND86031
11-03-2003,IND65548
14-07-2013,IND28392
11-05-1995,IND36665
11-10-2002,IND31739
28-10-2010,IND68824
27-03-2010,IND81954
19-12-2007,IND57483
06-05-2018,IND58811
07-02-2002,IND90712
05-04-2011,IND78657
19-02-2005,IND77048
04-08-2005,IND80417
02-08-2001,IND69214
24-04-1999,IND35051
26-04-2006,IND29305
19-07-2003,IND81554
18-01-2010,IND76672
05-02-2001,IND89391
30-03-2008,IND95274
21-01-2010,IND93078
01-03-2015,IND47843
29-08-2000,IND93058
08-01-1999,IND92239
03-03-2020,IND12702
31-12-2008,IND54557
24-02-1996,IND98387
27-05-2006,IND21698
04-05-2021,IND60028
19-05-2012,IND77518
20-10-2008,IND81280
12-03-2016,IND27009
04-07-1995,IND29085
21-09-1996,IND62329
03-10-2016,IND35485
19-11-2006,IND23071
13-12-2013,IND49461
16-01-2004,IND84835
03-01-2005,IND88751
09-05-2018,IND47511
14-01-2003,IND57469
18-06-2000,IND13603
17-11-2020,IND28663
06-11-2008,IND21547
30-01-2020,IND76281
27-11-2009,IND68811
26-04-2020,IND74692
20-05-2019,IND57450
30-01-2016,IND80645
04-08-2008,IND91185
19-05-2006,IND97947
03-01-2017,IND88225
06-04-2019,IND58373
17-09-2017,IND57160
09-11-2011,IND87140
27-03-2018,IND43888
19-10-1996,IND93701
15-08-2011,IND91174
27-05-2011,IND24235
17-08-2000,IND49606
14-01-2004,IND35234
30-10-1996,IND62564
07-07-2014,IND44323
27-07-2012,IND33515
15-03-2019,IND60299
11-11-2015,IND78861
31-08-2004,IND92647
08-07-2016,IND56044
17-04-2010,IND36801
06-12-2019,IND38949
10-08-2016,IND40740
09-06-2012,IND48919
19-02-2016,IND43851
08-06-2002,IND82642
31-10-2001,IND86812
20-01-2004,IND13296
05-12-2014,IND39713
26-12-2009,IND12660
20-07-2001,IND41076
12-04-1999,IND64863
19-04-2020,IND76341
01-08-1995,IND50293
26-06-2020,IND32223
24-06-2017,IND63518
08-07-2005,IND98503
10-12-2013,IND38742
06-03-2020,IND98838
29-03-2020,IND52011
24-03-1999,IND27143
13-05-2020,IND67603
15-02-2011,IND65057
10-08-2019,IND16812
23-12-2019,IND39500
17-01-2011,IND69752
01-06-2021,IND50261
13-03-2017,IND20655
19-04-2000,IND84018
17-08-2013,IND52284
11-11-2008,IND38633
16-06-2011,IND94590
27-11-2002,IND29286
03-11-2001,IND86944
19-04-2008,IND82767
29-05-2018,IND64440
31-05-2000,IND97211
13-09-2015,IND60063
22-01-2009,IND91861
08-04-2005,IND98755
28-03-2021,IND93695
05-11-1995,IND56540
11-08-1999,IND79052
09-07-2001,IND54277
21-04-2002,IND60443
16-01-2006,IND66045
03-01-2009,IND80791
04-11-1996,IND67613
06-04-2007,IND74089
16-11-2021,IND60913
22-11-2021,IND98087
21-11-2009,IND31887
18-11-2020,IND67190
30-07-2019,IND95893
05-08-1999,IND59612
10-11-1999,IND57231
07-08-2005,IND20899
21-05-2020,IND79950
13-02-2015,IND69031
08-08-2003,IND78617
28-03-2014,IND92044
15-09-2021,IND94650
15-04-2006,IND62018
18-03-2006,IND97714
21-11-2002,IND62445
19-06-2020,IND34780
09-01-2020,IND97314
14-10-2009,IND96807
22-12-2007,IND34442
15-04-2019,IND57917
02-07-2019,IND57474
08-09-1999,IND62022
13-10-2006,IND98847
03-03-2016,IND93864
08-06-2010,IND71100
19-08-1999,IND28425
14-03-2020,IND24753
29-12-2021,IND75584
24-11-2014,IND82408
14-12-1996,IND59517
06-04-2008,IND20659
13-03-2018,IND17087
10-08-2020,IND54827
16-05-2011,IND73702
16-03-2019,IND30737
15-12-2012,IND25733
28-05-2008,IND21564
27-07-2006,IND42415
05-05-1995,IND14959
15-07-1995,IND74028
21-07-2018,IND70570
19-12-1999,IND35225
13-02-2005,IND76179
12-02-2003,IND55647
17-03-2001,IND89010
22-04-2015,IND24422
08-01-2020,IND84352
26-02-2019,IND38237
20-09-2003,IND54321
03-10-2014,IND61299
02-12-2008,IND22254
19-07-2021,IND13347
02-02-2014,IND84771
28-10-2001,IND37011
30-12-1999,IND90697
26-04-2010,IND18049
19-04-2021,IND74615
19-06-2020,IND77494
05-10-2010,IND48525
15-10-2018,IND16052
01-02-2019,IND50738
31-12-2004,IND85690
18-08-2019,IND61194
05-04-2014,IND63043
05-12-2001,IND26448
17-07-1999,IND92735
20-12-2006,IND84491
08-07-2009,IND56629
03-07-2014,IND52032
05-12-2000,IND18823
20-08-2001,IND57208
08-07-2008,IND32855
30-04-2019,IND24817
24-02-2007,IND68120
19-09-2021,IND28222
21-03-2010,IND47326
24-11-2021,IND45822
06-08-2020,IND96083
24-09-2014,IND43081
07-04-2019,IND78182
25-12-2015,IND98632
02-11-2006,IND48103
10-09-2000,IND52448
31-10-2008,IND38403
05-02-2019,IND99962
14-11-2020,IND70182
26-04-2015,IND17319
22-08-1999,IND72327
20-06-2005,IND59532
18-03-2014,IND29309
01-02-2010,IND36108
11-02-2009,IND86953
07-07-2002,IND86901
01-03-2008,IND17683
18-10-2021,IND56317
03-06-2007,IND92195
16-06-2019,IND70343
02-08-2002,IND91720
10-04-2010,IND45348
13-12-2016,IND38267
28-10-2020,IND77225
17-06-2021,IND32917
04-04-2008,IND95721
08-01-2000,IND24755
17-01-2012,IND76617
02-09-2020,IND92582
19-10-2016,IND27430
12-05-1999,IND94282
17-08-2000,IND33571
08-12-2021,IND96795
17-02-2020,IND61615
24-02-2012,IND48032
03-02-2020,IND25277
23-03-2014,IND59951
22-01-2008,IND29371
02-07-2007,IND70227
17-10-2016,IND29257
06-05-2005,IND33086
08-03-2009,IND89151
28-06-2005,IND62657
21-03-2020,IND83245
20-01-2005,IND61510
14-08-2019,IND66755
30-12-2020,IND50523
12-10-2021,IND29653
23-08-2019,IND76864
15-07-2008,IND41553
12-01-2019,IND85414
19-06-2018,IND68994
10-01-2020,IND73388
23-07-2000,IND80015
10-08-2015,IND82699
19-04-2008,IND23356
04-09-2010,IND43700
24-12-2020,IND78571
22-09-2018,IND30598
23-08-2010,IND21000
19-09-2002,IND23889
20-02-2005,IND65604
26-07-2005,IND46205
01-09-2013,IND65923
06-07-2000,IND73017
26-12-2021,IND88027
28-02-2019,IND16110
27-04-1995,IND66556
07-06-2010,IND99578
15-02-2001,IND32278
27-03-2001,IND45962
15-06-2007,IND61230
08-06-2008,IND59637
13-09-2021,IND79357
24-07-2020,IND57365
25-06-2019,IND28236
09-03-1995,IND89378
17-06-2013,IND44815
12-02-1996,IND18812
29-06-1995,IND67567
14-04-2003,IND47332
14-04-2008,IND52432
14-10-2015,IND23568
21-11-2012,IND79795
18-01-2002,IND40475
07-08-2002,IND92840
06-03-2013,IND39612
16-07-2004,IND78997
09-06-2000,IND97635
27-03-2012,IND41288
30-12-2003,IND31252
22-01-2007,IND90265
23-10-2021,IND39682
03-11-2014,IND47091
10-03-2009,IND15145
14-12-2013,IND69088
07-07-2019,IND71209
26-01-2010,IND70392
27-12-2010,IND50738
06-04-2020,IND17499
25-04-1996,IND82261
29-08-2004,IND52971
23-09-2021,IND77657
05-09-1996,IND34637
02-05-1995,IND21388
22-04-2004,IND23466
14-07-2015,IND37319
14-03-2009,IND39352
14-10-2012,IND28190
18-05-2012,IND49543
01-03-2008,IND16415
02-12-2014,IND39399
09-12-1996,IND63000
23-02-2008,IND37028
10-01-2019,IND62435
02-09-2020,IND72682
04-03-2000,IND83165
28-10-2013,IND75623
06-05-2017,IND21058
24-02-2015,IND82903
06-08-2008,IND66272
19-06-2004,IND19399
05-07-2004,IND95041
25-03-2019,IND79442
20-02-2021,IND55241
03-01-2016,IND51146
01-12-2017,IND25698
04-10-2005,IND56730
16-10-2018,IND50377
25-02-2014,IND44237
26-12-2004,IND45334
12-07-2021,IND22951
24-01-2000,IND98187
08-02-2016,IND83250
30-08-2004,IND15003
27-01-2016,IND50596
20-11-2007,IND52253
08-06-2000,IND44460
07-10-2007,IND70843
22-08-2008,IND86529
20-01-2004,IND55587
24-02-2015,IND72739
30-06-2015,IND67930
02-09-2000,IND46268
20-06-2016,IND82874
24-03-2019,IND30869
15-06-1995,IND95431
27-01-2009,IND17593
04-08-2016,IND29284
06-05-2004,IND20167
20-06-2008,IND51633
23-01-2017,IND48741
05-01-1995,IND83525
08-02-2014,IND48432
18-04-2014,IND27926
05-06-2010,IND45923
21-07-2016,IND73297
27-01-2006,IND69570
08-02-2012,IND15006
09-05-2019,IND42515
13-11-2008,IND56981
02-01-2020,IND45092
05-07-1996,IND68220
21-01-2011,IND52850
14-03-1995,IND62637
24-07-2005,IND27463
25-05-2002,IND57502
29-03-2015,IND35319
14-12-2005,IND23783
12-07-2019,IND90414
10-08-2021,IND51353
29-09-2009,IND52252
01-03-2021,IND86849
17-03-2019,IND18751
18-06-2020,IND23045
05-09-2011,IND14385
23-05-2020,IND65960
17-12-2021,IND69484
29-09-2019,IND15970
18-05-2019,IND59374
27-06-2021,IND56474
06-12-2020,IND93181
27-03-2020,IND68480
21-07-2014,IND77629
13-07-2001,IND20946
05-08-2021,IND76461
15-01-2000,IND73140
03-08-2020,IND47099
30-03-2021,IND96585
25-10-2009,IND94165
11-06-1999,IND95121
04-05-2008,IND40107
07-08-2005,IND50027
26-05-2015,IND21031
29-11-2006,IND12811
11-02-2002,IND77134
26-11-2009,IND65796
19-10-2021,IND52319
12-08-2020,IND54844
14-06-2020,IND89924
20-01-2004,IND69892
08-01-2018,IND21947
02-10-2018,IND47171
11-02-2003,IND81366
24-12-2021,IND37255
29-08-2020,IND54288
02-06-2019,IND81264
19-07-2021,IND44868
23-11-1999,IND58718
13-02-2010,IND13491
05-12-2007,IND67285
05-03-2016,IND80508
20-05-2020,IND80012
06-01-1995,IND24103
29-08-2009,IND96193
21-11-2011,IND95777
05-05-2015,IND99904
14-05-2019,IND51561
04-06-2010,IND36643
25-08-2001,IND52909
25-09-2020,IND40382
02-05-2021,IND29277
10-12-2014,IND28276
29-04-2000,IND63171
04-03-1996,IND75976
08-06-2007,IND95034
17-11-2002,IND34886
22-12-2015,IND65740
13-09-2017,IND22943
04-08-2017,IND62166
02-01-2001,IND31625
24-04-2021,IND53168
15-09-2016,IND62132
07-01-2007,IND49496
21-03-2020,IND39167
08-09-2006,IND56356
08-09-2019,IND84445
09-08-2019,IND83697
21-01-2004,IND92276
20-03-2017,IND63929
30-10-2021,IND20154
23-02-2012,IND73329
07-09-2004,IND55336
01-06-2017,IND50934
19-10-2021,IND15178
16-05-2017,IND67097
09-10-2007,IND71917
04-05-2013,IND29396
20-04-1996,IND17042
12-07-2012,IND96714
21-02-2012,IND74213
21-03-2010,IND33290
13-11-2009,IND82331
27-05-2019,IND41616
19-08-2011,IND13977
30-11-2000,IND37918
08-02-1995,IND93832
21-07-2008,IND40270
06-10-2005,IND27859
28-11-2015,IND76060
13-06-2019,IND24265
16-09-2007,IND48804
03-04-2017,IND99895
03-02-2016,IND26169
09-10-2003,IND46964
15-08-2021,IND33681
10-01-2007,IND95665
25-01-2011,IND34612
20-02-1996,IND56244
26-06-2013,IND98780
21-09-2014,IND80677
15-12-2021,IND85232
21-01-2015,IND84182
19-02-2015,IND22162
16-05-2005,IND48448
11-09-2013,IND28042
03-12-2008,IND39614
09-10-2008,IND39056
02-04-1996,IND20248
07-11-1995,IND67058
06-08-2013,IND81182
08-07-2011,IND72540
19-03-1999,IND79266
23-11-2014,IND45633
06-03-2016,IND50255
16-06-1995,IND35529
14-03-2021,IND76818
17-05-2014,IND65466
01-12-2016,IND62602
12-07-2002,IND67173
04-08-2009,IND60054
09-07-2021,IND78031
30-12-2015,IND72496
02-12-2021,IND91488
21-05-2000,IND21889
24-05-2004,IND22592
05-02-2007,IND70846
09-12-2000,IND97484
12-11-2011,IND22626
10-11-2006,IND73526
09-03-2005,IND42840
26-01-2021,IND91337
10-06-2004,IND71064
14-01-2011,IND34987
03-02-1999,IND34900
13-11-2002,IND70426
05-01-2004,IND27490
16-08-1995,IND69225
10-12-2021,IND68596
28-12-2019,IND19235
14-02-2010,IND53236
07-05-2018,IND47522
01-10-1999,IND76422
09-06-2001,IND14568
27-12-2021,IND32670
14-04-2006,IND59876
06-07-2014,IND34342
06-12-2000,IND90271
30-08-2006,IND66490
23-08-2017,IND72025
20-02-2020,IND28746
16-06-2000,IND36364
19-05-2008,IND24886
31-05-2018,IND41593
14-03-2008,IND82914
30-12-2021,IND94566
02-10-2012,IND84566
29-10-2019,IND56102
14-11-2013,IND92786
27-09-2000,IND14072
02-10-2006,IND63281
31-12-2011,IND55583
07-01-2019,IND46965
19-06-1996,IND53170
27-03-2008,IND88033
24-09-2019,IND14313
14-02-2014,IND93676
09-10-2013,IND78744
16-08-2020,IND60784
19-06-2008,IND56967
17-05-2000,IND17406
15-10-2021,IND86889
29-05-2002,IND20569
10-02-2003,IND71904
11-08-1996,IND49223
24-05-2019,IND45778
28-10-2014,IND90203
30-04-2002,IND45957
23-09-2005,IND37324
08-04-2007,IND22736
15-01-2019,IND95042
29-12-2014,IND71261
12-12-1995,IND38724
13-06-2013,IND70825
26-02-1996,IND78133
11-03-2002,IND24135
29-11-1996,IND58253
17-01-2019,IND49839
18-05-2007,IND50159
28-12-2015,IND52909
14-04-2011,IND71789
16-02-2008,IND81334
16-01-2013,IND23592
03-02-2017,IND38173
28-02-2015,IND71352
07-02-2009,IND63534
16-06-2006,IND68727
22-12-1999,IND36875
03-09-2021,IND44607
16-04-2004,IND82641
24-07-2020,IND41747
01-07-2015,IND48658
30-09-2004,IND63683
11-08-2017,IND58912
15-02-2008,IND34297
28-01-2009,IND66416
15-09-2018,IND46043
28-06-2020,IND26793
29-01-2004,IND57827
16-08-2019,IND61268
03-01-2018,IND61936
27-11-2011,IND87086
10-09-2018,IND99616
11-09-2010,IND76839
14-07-2009,IND51542
09-12-2021,IND31177
07-04-2020,IND25757
16-06-2016,IND83050
29-04-2010,IND88698
01-11-2002,IND36562
11-04-2019,IND30719
26-02-2019,IND26679
09-11-2013,IND54314
15-11-2006,IND72436
05-06-2021,IND59337
29-09-2012,IND78689
18-10-2017,IND31280
04-02-2005,IND26777
17-10-2006,IND37741
13-09-2006,IND28884
05-12-2003,IND21608
10-11-2012,IND30193
05-11-2009,IND38702
27-04-2007,IND14237
29-11-2006,IND35253
24-03-1996,IND14559
18-08-2007,IND31565
06-03-2013,IND44723
21-07-2020,IND25889
30-06-2000,IND80593
07-06-2009,IND91319
11-02-2020,IND75746
18-07-2021,IND23455
10-04-2012,IND12762
21-04-2009,IND17356
08-01-2009,IND14968
02-10-2020,IND26205
12-09-2019,IND40402
24-09-1996,IND23534
25-02-2021,IND13368
15-08-2020,IND89530
20-06-2021,IND46536
22-06-2001,IND50842
06-08-2011,IND78530
09-10-2008,IND86823
30-01-2008,IND22908
04-08-2008,IND63930
21-11-2016,IND59614
12-10-2001,IND16937
17-03-2009,IND22152
07-12-2016,IND19673
10-03-2018,IND91458
28-09-2007,IND71139
03-12-1995,IND44382
03-03-1995,IND32518
14-11-2001,IND98549
21-09-2007,IND22303
26-01-2013,IND33084
10-08-2008,IND36967
09-09-2019,IND20489
03-05-2005,IND35221
07-07-2010,IND67799
30-07-2021,IND84095
27-05-2006,IND59330
10-11-1999,IND99522
27-10-2005,IND53925
23-11-1999,IND47766
29-03-2014,IND74222
17-06-2019,IND96627
31-10-2007,IND46573
29-07-2021,IND52334
17-11-2016,IND47388
28-04-2005,IND63480
19-09-2001,IND71563
28-04-2016,IND47672
31-07-2019,IND47218
23-07-2010,IND40866
10-07-1995,IND55731
22-03-2013,IND18241
20-10-2021,IND38340
20-04-1995,IND31054
17-11-2018,IND41463
25-03-2017,IND39119
16-05-2011,IND63354
20-08-2018,IND64751
28-03-2019,IND73281
18-03-2003,IND91520
02-02-2017,IND96624
11-01-2008,IND27565
02-12-2010,IND18836
01-10-2018,IND75100
19-07-2005,IND94833
01-12-2020,IND33044
27-04-2012,IND23940
13-03-2017,IND17023
02-02-2009,IND69409
19-06-2020,IND30509
23-04-2017,IND27469
25-02-2020,IND40533
16-04-2003,IND93358
02-11-2021,IND46908
11-10-2000,IND85219
25-02-2018,IND93026
30-07-2011,IND67593
13-12-2015,IND13283
08-01-2013,IND15990
05-11-2016,IND45804
17-01-2020,IND33862
25-05-2006,IND50358
20-08-2007,IND31525
04-05-2005,IND78049
31-01-2013,IND72258
18-03-1999,IND76365
18-03-2004,IND76509
16-05-2015,IND33221
08-11-2017,IND45691
19-06-1996,IND48905
02-12-2011,IND64966
29-08-2000,IND21667
31-03-2016,IND65854
09-09-2008,IND53772
16-07-2014,IND51069
29-05-2018,IND83107
10-05-2002,IND19058
23-10-2019,IND65820
05-01-2017,IND71996
26-08-2007,IND45882
13-10-1996,IND75924
23-03-2020,IND81510
05-11-2016,IND12649
07-10-2011,IND20255
10-10-2007,IND86039
31-05-2007,IND98413
21-08-2009,IND16961
26-10-2021,IND39027
07-03-1999,IND43922
10-01-2000,IND29124
26-06-2001,IND46526
23-09-2010,IND69834
06-12-2001,IND52128
22-10-2010,IND74305
08-11-2000,IND73272
20-04-2006,IND49313
03-09-2013,IND43853
13-05-2014,IND68149
24-04-2017,IND31637
17-01-2019,IND26575
29-07-2014,IND52133
01-06-2010,IND70060
27-05-2012,IND54963
16-11-2008,IND66192
11-04-2017,IND63630
24-07-2010,IND16203
13-01-2020,IND34130
09-04-2015,IND85584
21-05-2014,IND69189
16-07-2004,IND92553
15-05-2008,IND72590
15-08-2017,IND64087
02-10-2014,IND48810
28-04-2015,IND80350
14-11-2001,IND88721
03-10-2019,IND98982
18-08-2004,IND65931
14-01-2021,IND35242
09-03-2018,IND52234
03-08-2012,IND46113
16-08-2021,IND33767
25-01-2013,IND26283
17-03-2019,IND67517
29-08-2005,IND56906
03-07-2009,IND28225
26-12-2010,IND71712
14-08-2013,IND41594
14-02-2010,IND87812
05-07-2012,IND97969
14-04-2014,IND96593
13-12-2000,IND73558
09-08-2008,IND43779
20-10-2005,IND96346
04-01-2019,IND87222
16-06-2004,IND78803
18-07-2020,IND31057
15-10-2010,IND59891
29-06-2014,IND92500
06-07-2001,IND47276
08-01-2017,IND19673
29-07-2018,IND83985
17-04-2018,IND72250
28-06-2021,IND61248
20-10-2013,IND52506
08-12-2020,IND45460
11-12-2007,IND29763
24-02-2021,IND72578
23-06-2006,IND38948
17-02-2020,IND46699
25-07-2003,IND78763
10-03-2010,IND51658
28-10-2001,IND95154
08-07-2021,IND94518
09-04-2001,IND94947
17-12-2008,IND70766
28-04-2009,IND31616
16-09-2021,IND63272
10-02-2020,IND89040
15-05-2002,IND59471
30-10-2010,IND86960
11-03-2000,IND29637
28-10-1999,IND76975
26-03-2007,IND19165
27-01-2019,IND21974
23-10-1995,IND17085
07-06-2013,IND59398
10-03-1999,IND84558
08-05-2006,IND72037
19-09-2014,IND24573
03-01-2020,IND23033
27-01-2007,IND82305
09-01-2004,IND84879
12-03-2019,IND77110
03-12-2020,IND51370
24-06-1995,IND73499
17-07-2017,IND79465
09-08-2020,IND35812
12-04-2000,IND19935
15-02-2000,IND43475
11-12-2002,IND39658
18-07-2021,IND42006
07-03-2014,IND13072
02-10-1996,IND50762
16-03-2014,IND79565
18-10-2016,IND21206
24-10-2021,IND62941
11-07-1995,IND48073
29-01-2002,IND18560
22-02-2020,IND83480
15-01-2002,IND85295
16-07-2005,IND74978
10-06-2002,IND27629
31-08-2020,IND71157
03-03-1999,IND99483
04-04-2006,IND35166
20-06-2003,IND73212
13-03-2016,IND90377
17-03-2004,IND33047
12-09-2007,IND20303
24-12-2010,IND82550
31-08-2019,IND15069
16-08-2004,IND72898
27-02-2008,IND43567
16-04-2011,IND43437
07-03-2019,IND62228
13-08-2003,IND76373
09-06-2013,IND57417
13-07-1995,IND38378
11-09-2019,IND77256
08-03-2019,IND53599
24-03-2008,IND80666
09-03-2018,IND38255
23-06-2019,IND65519
29-01-2016,IND59539
26-04-2016,IND85074
04-06-2016,IND67670
25-09-2018,IND46130
20-11-2015,IND20451
28-08-2003,IND78694
11-12-2018,IND42335
30-01-2015,IND15060
18-08-2020,IND19481
25-11-2006,IND36189
24-04-2006,IND65594
09-11-2013,IND17557
05-03-2013,IND79396
21-06-1995,IND25908
23-10-1996,IND47180
29-07-2016,IND67526
10-03-2007,IND54629
04-10-2013,IND96473
17-06-2002,IND43465
28-03-2016,IND88769
15-07-2021,IND69918
15-03-2002,IND97771
05-03-2019,IND94851
21-06-1999,IND53003
24-03-2004,IND18812
23-10-2007,IND48530
14-06-1996,IND85022
22-02-2010,IND52278
03-11-2014,IND46035
26-11-2018,IND88500
21-03-2005,IND59334
14-03-2001,IND43447
09-06-1996,IND89715
26-12-2021,IND15214
03-07-2002,IND40338
06-12-2019,IND51774
04-09-2016,IND57665
21-06-2003,IND66976
09-12-2012,IND40082
16-02-2020,IND46584
23-09-2013,IND25515
22-07-2017,IND66087
16-06-2016,IND94271
18-09-2019,IND13684
13-05-2015,IND19447
20-08-1999,IND70647
16-10-2006,IND55928
18-03-2001,IND49649
24-07-2009,IND83150
21-02-2001,IND86236
21-02-2002,IND23104
17-01-1995,IND40705
04-04-2013,IND16827
22-12-2013,IND61808
13-01-2008,IND88808
02-01-2015,IND63102
13-04-2011,IND12601
11-01-2017,IND82367
02-05-2014,IND25359
23-03-2011,IND18267
10-06-2011,IND87428
02-04-2002,IND58778
25-01-1999,IND40038
24-08-1996,IND76909
13-02-2021,IND62606
12-07-2007,IND51619
16-10-2019,IND65893
28-12-2014,IND95530
17-01-1996,IND89861
25-05-2021,IND92174
01-02-2019,IND36400
20-03-2006,IND16810
13-03-2019,IND62400
13-12-2019,IND25291
30-07-1999,IND94530
01-11-2006,IND29475
03-08-2006,IND97275
10-03-2016,IND73731
05-10-2013,IND36600
16-09-2001,IND50412
07-07-2020,IND77616
13-04-2008,IND25120
17-01-2004,IND89792
07-05-2001,IND15721
23-12-2012,IND91267
01-08-2013,IND14935
21-11-2012,IND49907
18-09-2016,IND18734
17-12-2011,IND16744
14-07-2021,IND19548
09-11-2015,IND15167
16-07-2013,IND32618
03-03-2011,IND93058
18-05-2010,IND70754
01-06-2007,IND92418
03-02-2010,IND92115
22-04-2005,IND24672
19-05-2001,IND54908
25-08-2011,IND37750
08-11-2017,IND59881
02-07-2009,IND32319
20-03-1995,IND58635
27-09-2017,IND55883
15-04-2016,IND26855
21-03-2020,IND89144
04-11-2001,IND36784
06-05-2004,IND47240
29-06-2016,IND34868
14-01-2015,IND53254
30-03-2015,IND26959
28-01-2020,IND13792
03-01-1995,IND83479
25-11-2015,IND84488
15-12-2018,IND36106
10-03-2002,IND49489
03-06-2020,IND71209
21-07-2021,IND33607
19-06-2020,IND36407
05-02-2014,IND90197
17-11-2008,IND21018
15-06-2019,IND77703
04-02-2015,IND70508
17-01-1995,IND35314
10-09-2007,IND65265
18-11-2014,IND65658
21-05-2013,IND28776
14-08-2010,IND66161
23-06-2018,IND15278
11-03-2008,IND22373
24-12-2017,IND60609
04-06-1995,IND24232
14-02-2019,IND89674
29-03-2003,IND62679
09-05-2009,IND45614
02-08-2016,IND35674
12-04-2005,IND90385
25-08-2021,IND64752
05-09-2021,IND48640
17-06-2021,IND20725
17-04-2013,IND87256
24-03-2014,IND65022
26-03-2020,IND97042
04-10-2020,IND99554
14-09-2012,IND75060
30-03-2020,IND62770
05-12-2016,IND67268
06-12-2017,IND57973
15-03-2004,IND89653
03-07-2007,IND21489
23-05-2019,IND30571
05-05-2019,IND59366
07-10-1995,IND83619
13-08-2021,IND67029
25-10-2020,IND95869
02-08-2000,IND66671
16-08-2011,IND86149
06-02-1996,IND95415
17-09-2008,IND99553
13-05-2016,IND73319
24-09-2020,IND34968
15-12-2021,IND14715
08-10-2013,IND16798
21-10-2019,IND93663
28-05-2013,IND67391
12-06-2005,IND96220
02-12-2004,IND44913
26-12-1995,IND87824
16-10-2004,IND46155
02-01-2017,IND35684
24-07-2021,IND96387
07-04-2000,IND83308
04-03-2015,IND69120
07-01-2005,IND47860
04-04-2005,IND13419
28-06-2011,IND56121
31-05-2004,IND38822
24-09-2002,IND58923
22-04-2013,IND66682
16-12-2017,IND96115
19-04-2009,IND40991
06-01-2004,IND57646
18-10-1995,IND76683
22-12-2008,IND69465
22-12-2008,IND45293
21-08-2011,IND31182
20-06-2014,IND43704
03-03-1999,IND90107
07-12-2015,IND65206
05-05-2010,IND97608
18-10-2019,IND99978
03-01-2005,IND51034
17-10-2009,IND77398
17-06-2001,IND48157
06-11-1999,IND46455
25-10-2000,IND52005
19-08-2014,IND50424
22-12-2016,IND48222
09-09-2006,IND48333
12-04-2018,IND62022
06-02-2019,IND82740
26-10-2003,IND48400
05-08-2021,IND40646
17-10-2006,IND40950
23-09-2012,IND37853
06-08-2015,IND91954
04-06-2018,IND30253
18-04-2001,IND82997
25-09-2001,IND75882
18-03-2001,IND31953
12-03-2019,IND69875
17-04-1996,IND57328
24-04-2004,IND70068
10-04-2010,IND57357
13-02-2003,IND79088
09-01-2018,IND57637
12-02-2020,IND94614
14-05-1995,IND16622
28-06-2018,IND36995
22-02-2012,IND86491
24-03-2011,IND59827
20-10-2003,IND74969
28-05-2019,IND21853
26-07-2011,IND23903
09-04-2001,IND68777
21-07-2019,IND81707
27-08-2014,IND97656
23-06-2010,IND55034
30-09-2014,IND96166
07-05-2011,IND96324
04-02-2012,IND47674
02-03-2009,IND70317
23-10-2021,IND38895
06-12-2020,IND61906
18-07-1996,IND91852
21-01-2011,IND49429
30-07-1996,IND50848
24-06-2019,IND25130
02-11-2003,IND51890
14-03-1999,IND29870
08-12-2008,IND24996
18-03-2004,IND28319
13-05-2018,IND24921
14-08-2001,IND97391
07-03-2007,IND59368
22-10-1999,IND23354
18-10-2012,IND29589
04-07-1999,IND48477
17-10-2020,IND70337
28-12-2017,IND69809
26-08-2020,IND23817
14-03-2006,IND36692
11-06-2015,IND39952
28-08-2004,IND30232
24-12-2004,IND31886
25-05-2016,IND16521
07-10-2004,IND22770
02-02-2011,IND74369
17-08-2014,IND31020
21-10-2016,IND83621
08-05-2004,IND87099
01-10-2016,IND68353
28-07-2018,IND34739
31-08-2003,IND49852
08-11-1999,IND15739
13-11-2004,IND35208
10-07-2000,IND23172
29-01-2007,IND89615
25-12-2011,IND78041
10-07-2017,IND25027
07-08-2013,IND70133
17-11-2012,IND96246
18-12-2002,IND74738
01-12-2020,IND94482
01-08-2020,IND54803
16-08-2000,IND22264
03-07-2008,IND66283
17-10-2000,IND45825
08-12-2020,IND94895
09-10-2015,IND66583
10-04-2003,IND73582
15-01-2012,IND62295
20-09-2008,IND39698
10-09-2002,IND96489
09-03-2019,IND62970
08-10-2013,IND53584
17-08-2020,IND34425
09-11-1999,IND53485
22-03-2021,IND40496
04-12-2013,IND72603
13-11-2010,IND56984
29-10-2013,IND31180
20-05-2001,IND80616
15-09-2006,IND54495
25-03-1996,IND88782
16-06-2009,IND25223
03-03-2002,IND26937
27-06-2019,IND14766
18-04-2019,IND45041
18-03-2016,IND54922
18-11-2020,IND89369
01-08-2010,IND94380
26-10-2017,IND76782
15-05-1995,IND44357
30-05-2015,IND63865
06-11-1999,IND14540
15-08-2013,IND20140
01-09-2014,IND75181
22-11-2020,IND60750
04-02-2014,IND40048
21-08-2001,IND91899
07-07-2021,IND49097
29-06-2000,IND30559
11-05-2019,IND40540
19-02-2017,IND32711
23-08-1995,IND71842
21-01-2013,IND98821
27-08-2004,IND60303
10-02-1999,IND21271
16-12-1996,IND71938
26-03-2010,IND48166
31-07-2016,IND35417
25-06-2014,IND36167
24-07-1995,IND53489
11-06-1996,IND46654
26-05-2009,IND57483
04-03-2021,IND26697
26-11-2006,IND21028
11-01-2009,IND86154
21-08-2002,IND47039
20-04-2013,IND18081
23-02-2005,IND13675
17-11-2017,IND54772
07-07-1999,IND61012
06-12-2013,IND63638
04-01-2009,IND73710
21-11-1995,IND93494
12-03-2020,IND97314
03-08-2004,IND43915
06-06-2010,IND62101
12-04-1996,IND12706
24-03-2013,IND96211
04-01-2003,IND99855
02-06-2019,IND20615
23-01-2018,IND42387
21-10-1999,IND51003
04-09-2003,IND38386
27-05-2006,IND31075
31-12-2014,IND29987
04-07-2005,IND53122
16-11-2003,IND71679
25-05-2015,IND96476
30-05-2019,IND59444
31-03-2006,IND96722
30-03-2009,IND91553
10-09-2010,IND43964
23-06-2007,IND42604
10-05-2020,IND80050
31-10-2018,IND15192
09-09-2003,IND61862
17-05-2021,IND32146
05-07-2019,IND91035
23-12-2016,IND65273
28-03-1995,IND34196
29-11-2016,IND31640
30-06-2012,IND15111
16-05-1999,IND22504
31-10-2006,IND33992
02-05-2003,IND89837
21-06-1996,IND39449
01-12-2005,IND74203
08-04-2009,IND51348
09-08-2018,IND66999
19-01-1999,IND42138
26-06-1996,IND23112
03-11-2020,IND93187
01-08-2005,IND35276
27-03-1995,IND52692
08-10-2006,IND92250
29-08-2001,IND42511
12-08-2015,IND88769
04-03-2017,IND34775
08-05-2010,IND89996
10-03-2008,IND64241
08-09-2005,IND87995
09-06-2021,IND40619
02-04-2006,IND83760
31-07-2020,IND70928
30-09-2021,IND38406
03-10-2001,IND37475
26-12-2003,IND46069
02-07-2007,IND84868
21-10-2020,IND53486
16-12-2003,IND18304
07-06-2015,IND47238
02-11-2007,IND97355
03-12-2009,IND77366
23-09-1995,IND46865
29-11-2020,IND32633
08-07-1996,IND37253
05-09-2014,IND66559
15-11-2019,IND62312
20-05-2001,IND59076
16-03-2005,IND23792
22-10-2001,IND18657
30-09-1999,IND55471
03-11-2006,IND28379
18-06-2008,IND29049
28-08-2020,IND22892
30-10-2021,IND92064
10-03-2010,IND54924
08-10-2002,IND87020
02-07-2005,IND70196
07-03-2013,IND95448
25-12-2015,IND68024
11-05-2010,IND87284
03-09-1996,IND60030
05-09-2004,IND88473
12-08-2016,IND48318
27-11-2007,IND27796
12-07-2012,IND91449
15-02-2019,IND19945
24-09-2004,IND23675
11-09-2020,IND27188
04-08-2017,IND76385
31-10-2021,IND50214
06-06-2021,IND86957
18-08-2009,IND96568
04-11-2014,IND74432
21-09-2004,IND71551
27-12-2009,IND85827
02-02-2013,IND20637
13-11-2006,IND37323
01-12-2000,IND37456
31-01-2002,IND34064
05-08-2019,IND47756
27-06-2018,IND99980
02-03-2016,IND51488
04-03-2004,IND20002
25-04-2013,IND27704
21-11-2016,IND18899
11-02-2007,IND40674
16-09-2021,IND49390
03-10-2003,IND58018
09-08-2002,IND31659
18-05-2020,IND62967
14-03-2018,IND85018
05-04-2002,IND15294
19-12-2021,IND76668
26-02-2015,IND24384
07-10-1996,IND20755
12-05-2005,IND70347
03-02-2015,IND84219
25-08-2000,IND30192
05-07-2018,IND27266
15-04-2012,IND88327
04-05-2003,IND27052
29-08-2015,IND58319
29-09-2013,IND45051
23-08-2020,IND12704
12-12-2020,IND80231
01-01-2013,IND91902
17-09-2002,IND86434
28-07-2009,IND96193
03-07-2011,IND15796
16-10-2004,IND98793
17-02-2019,IND34695
14-02-2019,IND16655
01-08-2004,IND18544
05-07-2020,IND32922
04-04-2013,IND77237
28-01-2017,IND26295
21-07-2020,IND36962
11-12-2021,IND32434
05-10-2007,IND23721
19-08-2020,IND23827
11-07-2021,IND30551
15-04-2016,IND27518
13-06-2014,IND45324
28-11-2018,IND47775
04-11-2013,IND64118
21-01-2016,IND69719
24-06-2012,IND36598
19-04-2012,IND91994
16-01-1996,IND74106
07-11-2021,IND70950
05-06-2015,IND48642
22-04-2001,IND30520
26-12-2014,IND94062
15-04-2017,IND89076
24-06-2008,IND44502
23-07-2011,IND88994
03-07-1995,IND64701
03-02-2020,IND23199
04-11-2001,IND26254
24-08-2019,IND26157
09-07-2005,IND15640
07-09-2021,IND30423
15-12-2008,IND96496
22-10-2021,IND86268
15-05-2005,IND94102
14-08-2017,IND89960
13-03-2004,IND16977
08-02-2000,IND49418
01-12-2013,IND90745
04-03-2007,IND26350
14-10-1996,IND13447
03-10-2008,IND52771
14-03-2008,IND36809
07-10-2021,IND79287
28-02-2002,IND28199
30-04-2013,IND34414
26-11-2019,IND36046
28-07-2020,IND96031
10-11-2021,IND43923
29-05-1995,IND73608
24-08-2000,IND31048
01-12-2012,IND57498
01-12-2021,IND79604
07-10-2000,IND53269
18-02-2002,IND28717
30-03-2017,IND14040
27-01-2015,IND33384
25-09-1999,IND43946
12-02-2007,IND85232
05-07-2003,IND43081
29-10-2004,IND71997
02-05-2000,IND97485
11-03-2019,IND50522
13-06-2006,IND53714
31-12-2009,IND80089
05-05-2004,IND62555
12-06-2011,IND34231
09-05-2004,IND50427
06-10-2001,IND93386
03-06-2021,IND34216
02-04-2021,IND19004
27-08-2020,IND68883
23-03-2003,IND54095
26-10-2000,IND38266
26-11-2021,IND20371
02-05-2020,IND46101
09-02-2006,IND25443
18-03-2019,IND87264
31-01-2021,IND93571
19-07-2021,IND62324
04-09-2003,IND78256
16-05-2003,IND83513
06-07-2019,IND99892
15-05-2019,IND80022
01-02-2003,IND24501
11-05-2018,IND93719
22-05-1996,IND19589
17-09-2002,IND54576
17-04-2017,IND47226
08-11-2007,IND33338
21-01-2019,IND24309
09-10-2014,IND66827
05-02-2009,IND40556
29-12-2009,IND72414
13-02-2006,IND46652
08-12-2005,IND40216
